storage_kind,experiment_id,query_id,query_class,sample,contig,start,end,query_size,context,coalescing_gap,physical_reads,mergeable_reads,dependency_rounds,total_bytes_fetched,unique_bytes_fetched,duplicate_bytes_fetched,bootstrap_bytes_fetched,logical_index_bytes,directory_page_bytes_fetched,directory_pages_selected,data_bytes_fetched,required_compressed_payload_bytes,canonical_payload_bytes,read_amplification,canonical_amplification,index_lookup_us,decompression_us,decode_us,graph_reconstruction_us,total_local_query_us,selected_chunks,selected_nodes,canonical_hash,correctness,simulated_20ms_ms,simulated_50ms_ms,simulated_100ms_ms
gbz,gbz-baseline,random-1000-00000,random-1000,MHC-GRCh38,MHC,2654244,2655244,1000,100,,1,,1,4511832,4511832,0,,,,,4511832,,,,,,,,,94.397000,,,,true,140.815520,411.946560,1305.155200
gbz,gbz-baseline,random-1000-00001,random-1000,MHC-GRCh38,MHC,4897918,4898918,1000,100,,1,,1,4511832,4511832,0,,,,,4511832,,,,,,,,,42.714000,,,,true,140.815520,411.946560,1305.155200
gbz,gbz-baseline,random-1000-00002,random-1000,MHC-GRCh38,MHC,1758423,1759423,1000,100,,1,,1,4511832,4511832,0,,,,,4511832,,,,,,,,,49.444000,,,,true,140.815520,411.946560,1305.155200
gbz,gbz-baseline,random-1000-00003,random-1000,MHC-GRCh38,MHC,3202374,3203374,1000,100,,1,,1,4511832,4511832,0,,,,,4511832,,,,,,,,,44.535000,,,,true,140.815520,411.946560,1305.155200
gbz,gbz-baseline,random-1000-00004,random-1000,MHC-GRCh38,MHC,1529093,1530093,1000,100,,1,,1,4511832,4511832,0,,,,,4511832,,,,,,,,,53.169000,,,,true,140.815520,411.946560,1305.155200
gbz,gbz-baseline,random-1000-00005,random-1000,MHC-GRCh38,MHC,999079,1000079,1000,100,,1,,1,4511832,4511832,0,,,,,4511832,,,,,,,,,78.389000,,,,true,140.815520,411.946560,1305.155200
gbz,gbz-baseline,random-1000-00006,random-1000,MHC-GRCh38,MHC,4410732,4411732,1000,100,,1,,1,4511832,4511832,0,,,,,4511832,,,,,,,,,41.516000,,,,true,140.815520,411.946560,1305.155200
gbz,gbz-baseline,random-1000-00007,random-1000,MHC-GRCh38,MHC,2388877,2389877,1000,100,,1,,1,4511832,4511832,0,,,,,4511832,,,,,,,,,43.692000,,,,true,140.815520,411.946560,1305.155200
gbz,gbz-baseline,random-1000-00008,random-1000,MHC-GRCh38,MHC,844767,845767,1000,100,,1,,1,4511832,4511832,0,,,,,4511832,,,,,,,,,51.535000,,,,true,140.815520,411.946560,1305.155200
gbz,gbz-baseline,random-1000-00009,random-1000,MHC-GRCh38,MHC,3227097,3228097,1000,100,,1,,1,4511832,4511832,0,,,,,4511832,,,,,,,,,29.989000,,,,true,140.815520,411.946560,1305.155200
gbz,gbz-baseline,random-10000-00000,random-10000,MHC-GRCh38,MHC,3078533,3088533,10000,100,,1,,1,4511832,4511832,0,,,,,4511832,,,,,,,,,444.530000,,,,true,140.815520,411.946560,1305.155200
gbz,gbz-baseline,random-10000-00001,random-10000,MHC-GRCh38,MHC,2465757,2475757,10000,100,,1,,1,4511832,4511832,0,,,,,4511832,,,,,,,,,641.866000,,,,true,140.815520,411.946560,1305.155200
gbz,gbz-baseline,random-10000-00002,random-10000,MHC-GRCh38,MHC,3576984,3586984,10000,100,,1,,1,4511832,4511832,0,,,,,4511832,,,,,,,,,253.827000,,,,true,140.815520,411.946560,1305.155200
gbz,gbz-baseline,random-10000-00003,random-10000,MHC-GRCh38,MHC,3405920,3415920,10000,100,,1,,1,4511832,4511832,0,,,,,4511832,,,,,,,,,175.142000,,,,true,140.815520,411.946560,1305.155200
gbz,gbz-baseline,random-10000-00004,random-10000,MHC-GRCh38,MHC,292664,302664,10000,100,,1,,1,4511832,4511832,0,,,,,4511832,,,,,,,,,738.809000,,,,true,140.815520,411.946560,1305.155200
gbz,gbz-baseline,random-10000-00005,random-10000,MHC-GRCh38,MHC,2389603,2399603,10000,100,,1,,1,4511832,4511832,0,,,,,4511832,,,,,,,,,709.406000,,,,true,140.815520,411.946560,1305.155200
gbz,gbz-baseline,random-10000-00006,random-10000,MHC-GRCh38,MHC,542027,552027,10000,100,,1,,1,4511832,4511832,0,,,,,4511832,,,,,,,,,337.290000,,,,true,140.815520,411.946560,1305.155200
gbz,gbz-baseline,random-10000-00007,random-10000,MHC-GRCh38,MHC,4185669,4195669,10000,100,,1,,1,4511832,4511832,0,,,,,4511832,,,,,,,,,5339.016000,,,,true,140.815520,411.946560,1305.155200
gbz,gbz-baseline,random-10000-00008,random-10000,MHC-GRCh38,MHC,878649,888649,10000,100,,1,,1,4511832,4511832,0,,,,,4511832,,,,,,,,,718.948000,,,,true,140.815520,411.946560,1305.155200
gbz,gbz-baseline,random-10000-00009,random-10000,MHC-GRCh38,MHC,2541935,2551935,10000,100,,1,,1,4511832,4511832,0,,,,,4511832,,,,,,,,,1529.102000,,,,true,140.815520,411.946560,1305.155200
gbz,gbz-baseline,random-100000-00000,random-100000,MHC-GRCh38,MHC,4262931,4362931,100000,100,,1,,1,4511832,4511832,0,,,,,4511832,,,,,,,,,13332.042000,,,,true,140.815520,411.946560,1305.155200
gbz,gbz-baseline,random-100000-00001,random-100000,MHC-GRCh38,MHC,2031962,2131962,100000,100,,1,,1,4511832,4511832,0,,,,,4511832,,,,,,,,,2479.798000,,,,true,140.815520,411.946560,1305.155200
gbz,gbz-baseline,random-100000-00002,random-100000,MHC-GRCh38,MHC,1080439,1180439,100000,100,,1,,1,4511832,4511832,0,,,,,4511832,,,,,,,,,6142.542000,,,,true,140.815520,411.946560,1305.155200
gbz,gbz-baseline,random-100000-00003,random-100000,MHC-GRCh38,MHC,864953,964953,100000,100,,1,,1,4511832,4511832,0,,,,,4511832,,,,,,,,,4020.832000,,,,true,140.815520,411.946560,1305.155200
gbz,gbz-baseline,random-100000-00004,random-100000,MHC-GRCh38,MHC,4129708,4229708,100000,100,,1,,1,4511832,4511832,0,,,,,4511832,,,,,,,,,85959.940000,,,,true,140.815520,411.946560,1305.155200
gbz,gbz-baseline,random-100000-00005,random-100000,MHC-GRCh38,MHC,4502173,4602173,100000,100,,1,,1,4511832,4511832,0,,,,,4511832,,,,,,,,,16393.786000,,,,true,140.815520,411.946560,1305.155200
gbz,gbz-baseline,random-100000-00006,random-100000,MHC-GRCh38,MHC,434533,534533,100000,100,,1,,1,4511832,4511832,0,,,,,4511832,,,,,,,,,4059.828000,,,,true,140.815520,411.946560,1305.155200
gbz,gbz-baseline,random-100000-00007,random-100000,MHC-GRCh38,MHC,1813450,1913450,100000,100,,1,,1,4511832,4511832,0,,,,,4511832,,,,,,,,,6455.698000,,,,true,140.815520,411.946560,1305.155200
gbz,gbz-baseline,random-100000-00008,random-100000,MHC-GRCh38,MHC,898253,998253,100000,100,,1,,1,4511832,4511832,0,,,,,4511832,,,,,,,,,2454.071000,,,,true,140.815520,411.946560,1305.155200
gbz,gbz-baseline,random-100000-00009,random-100000,MHC-GRCh38,MHC,4231710,4331710,100000,100,,1,,1,4511832,4511832,0,,,,,4511832,,,,,,,,,15511.709000,,,,true,140.815520,411.946560,1305.155200
gbz,gbz-baseline,random-1000000-00000,random-1000000,MHC-GRCh38,MHC,994225,1994225,1000000,100,,1,,1,4511832,4511832,0,,,,,4511832,,,,,,,,,149108.901000,,,,true,140.815520,411.946560,1305.155200
gbz,gbz-baseline,random-1000000-00001,random-1000000,MHC-GRCh38,MHC,3053916,4053916,1000000,100,,1,,1,4511832,4511832,0,,,,,4511832,,,,,,,,,185052.319000,,,,true,140.815520,411.946560,1305.155200
gbz,gbz-baseline,random-1000000-00002,random-1000000,MHC-GRCh38,MHC,3662178,4662178,1000000,100,,1,,1,4511832,4511832,0,,,,,4511832,,,,,,,,,446316.807000,,,,true,140.815520,411.946560,1305.155200
gbz,gbz-baseline,random-1000000-00003,random-1000000,MHC-GRCh38,MHC,1664410,2664410,1000000,100,,1,,1,4511832,4511832,0,,,,,4511832,,,,,,,,,86196.266000,,,,true,140.815520,411.946560,1305.155200
gbz,gbz-baseline,random-1000000-00004,random-1000000,MHC-GRCh38,MHC,3882446,4882446,1000000,100,,1,,1,4511832,4511832,0,,,,,4511832,,,,,,,,,412536.852000,,,,true,140.815520,411.946560,1305.155200
gbz,gbz-baseline,random-1000000-00005,random-1000000,MHC-GRCh38,MHC,3946668,4946668,1000000,100,,1,,1,4511832,4511832,0,,,,,4511832,,,,,,,,,396993.540000,,,,true,140.815520,411.946560,1305.155200
gbz,gbz-baseline,random-1000000-00006,random-1000000,MHC-GRCh38,MHC,2514903,3514903,1000000,100,,1,,1,4511832,4511832,0,,,,,4511832,,,,,,,,,205118.028000,,,,true,140.815520,411.946560,1305.155200
gbz,gbz-baseline,random-1000000-00007,random-1000000,MHC-GRCh38,MHC,1441302,2441302,1000000,100,,1,,1,4511832,4511832,0,,,,,4511832,,,,,,,,,74087.519000,,,,true,140.815520,411.946560,1305.155200
gbz,gbz-baseline,random-1000000-00008,random-1000000,MHC-GRCh38,MHC,3577106,4577106,1000000,100,,1,,1,4511832,4511832,0,,,,,4511832,,,,,,,,,426142.486000,,,,true,140.815520,411.946560,1305.155200
gbz,gbz-baseline,random-1000000-00009,random-1000000,MHC-GRCh38,MHC,3789056,4789056,1000000,100,,1,,1,4511832,4511832,0,,,,,4511832,,,,,,,,,441617.552000,,,,true,140.815520,411.946560,1305.155200
gbz-base,gbz-base-baseline,random-1000-00000,random-1000,MHC-GRCh38,MHC,2654244,2655244,1000,100,,,,,,,,,,,,,,,,,,,,,463.037000,,,,true,,,
gbz-base,gbz-base-baseline,random-1000-00001,random-1000,MHC-GRCh38,MHC,4897918,4898918,1000,100,,,,,,,,,,,,,,,,,,,,,167.424000,,,,true,,,
gbz-base,gbz-base-baseline,random-1000-00002,random-1000,MHC-GRCh38,MHC,1758423,1759423,1000,100,,,,,,,,,,,,,,,,,,,,,190.683000,,,,true,,,
gbz-base,gbz-base-baseline,random-1000-00003,random-1000,MHC-GRCh38,MHC,3202374,3203374,1000,100,,,,,,,,,,,,,,,,,,,,,184.850000,,,,true,,,
gbz-base,gbz-base-baseline,random-1000-00004,random-1000,MHC-GRCh38,MHC,1529093,1530093,1000,100,,,,,,,,,,,,,,,,,,,,,203.580000,,,,true,,,
gbz-base,gbz-base-baseline,random-1000-00005,random-1000,MHC-GRCh38,MHC,999079,1000079,1000,100,,,,,,,,,,,,,,,,,,,,,285.019000,,,,true,,,
gbz-base,gbz-base-baseline,random-1000-00006,random-1000,MHC-GRCh38,MHC,4410732,4411732,1000,100,,,,,,,,,,,,,,,,,,,,,180.955000,,,,true,,,
gbz-base,gbz-base-baseline,random-1000-00007,random-1000,MHC-GRCh38,MHC,2388877,2389877,1000,100,,,,,,,,,,,,,,,,,,,,,165.708000,,,,true,,,
gbz-base,gbz-base-baseline,random-1000-00008,random-1000,MHC-GRCh38,MHC,844767,845767,1000,100,,,,,,,,,,,,,,,,,,,,,179.397000,,,,true,,,
gbz-base,gbz-base-baseline,random-1000-00009,random-1000,MHC-GRCh38,MHC,3227097,3228097,1000,100,,,,,,,,,,,,,,,,,,,,,123.640000,,,,true,,,
gbz-base,gbz-base-baseline,random-10000-00000,random-10000,MHC-GRCh38,MHC,3078533,3088533,10000,100,,,,,,,,,,,,,,,,,,,,,1342.463000,,,,true,,,
gbz-base,gbz-base-baseline,random-10000-00001,random-10000,MHC-GRCh38,MHC,2465757,2475757,10000,100,,,,,,,,,,,,,,,,,,,,,2015.868000,,,,true,,,
gbz-base,gbz-base-baseline,random-10000-00002,random-10000,MHC-GRCh38,MHC,3576984,3586984,10000,100,,,,,,,,,,,,,,,,,,,,,816.730000,,,,true,,,
gbz-base,gbz-base-baseline,random-10000-00003,random-10000,MHC-GRCh38,MHC,3405920,3415920,10000,100,,,,,,,,,,,,,,,,,,,,,537.113000,,,,true,,,
gbz-base,gbz-base-baseline,random-10000-00004,random-10000,MHC-GRCh38,MHC,292664,302664,10000,100,,,,,,,,,,,,,,,,,,,,,2370.112000,,,,true,,,
gbz-base,gbz-base-baseline,random-10000-00005,random-10000,MHC-GRCh38,MHC,2389603,2399603,10000,100,,,,,,,,,,,,,,,,,,,,,2247.811000,,,,true,,,
gbz-base,gbz-base-baseline,random-10000-00006,random-10000,MHC-GRCh38,MHC,542027,552027,10000,100,,,,,,,,,,,,,,,,,,,,,1047.213000,,,,true,,,
gbz-base,gbz-base-baseline,random-10000-00007,random-10000,MHC-GRCh38,MHC,4185669,4195669,10000,100,,,,,,,,,,,,,,,,,,,,,15379.885000,,,,true,,,
gbz-base,gbz-base-baseline,random-10000-00008,random-10000,MHC-GRCh38,MHC,878649,888649,10000,100,,,,,,,,,,,,,,,,,,,,,2144.576000,,,,true,,,
gbz-base,gbz-base-baseline,random-10000-00009,random-10000,MHC-GRCh38,MHC,2541935,2551935,10000,100,,,,,,,,,,,,,,,,,,,,,4907.903000,,,,true,,,
gbz-base,gbz-base-baseline,random-100000-00000,random-100000,MHC-GRCh38,MHC,4262931,4362931,100000,100,,,,,,,,,,,,,,,,,,,,,37955.607000,,,,true,,,
gbz-base,gbz-base-baseline,random-100000-00001,random-100000,MHC-GRCh38,MHC,2031962,2131962,100000,100,,,,,,,,,,,,,,,,,,,,,6760.241000,,,,true,,,
gbz-base,gbz-base-baseline,random-100000-00002,random-100000,MHC-GRCh38,MHC,1080439,1180439,100000,100,,,,,,,,,,,,,,,,,,,,,17361.968000,,,,true,,,
gbz-base,gbz-base-baseline,random-100000-00003,random-100000,MHC-GRCh38,MHC,864953,964953,100000,100,,,,,,,,,,,,,,,,,,,,,11098.360000,,,,true,,,
gbz-base,gbz-base-baseline,random-100000-00004,random-100000,MHC-GRCh38,MHC,4129708,4229708,100000,100,,,,,,,,,,,,,,,,,,,,,220744.255000,,,,true,,,
gbz-base,gbz-base-baseline,random-100000-00005,random-100000,MHC-GRCh38,MHC,4502173,4602173,100000,100,,,,,,,,,,,,,,,,,,,,,48564.077000,,,,true,,,
gbz-base,gbz-base-baseline,random-100000-00006,random-100000,MHC-GRCh38,MHC,434533,534533,100000,100,,,,,,,,,,,,,,,,,,,,,11446.633000,,,,true,,,
gbz-base,gbz-base-baseline,random-100000-00007,random-100000,MHC-GRCh38,MHC,1813450,1913450,100000,100,,,,,,,,,,,,,,,,,,,,,18732.915000,,,,true,,,
gbz-base,gbz-base-baseline,random-100000-00008,random-100000,MHC-GRCh38,MHC,898253,998253,100000,100,,,,,,,,,,,,,,,,,,,,,6258.878000,,,,true,,,
gbz-base,gbz-base-baseline,random-100000-00009,random-100000,MHC-GRCh38,MHC,4231710,4331710,100000,100,,,,,,,,,,,,,,,,,,,,,44870.616000,,,,true,,,
gbz-base,gbz-base-baseline,random-1000000-00000,random-1000000,MHC-GRCh38,MHC,994225,1994225,1000000,100,,,,,,,,,,,,,,,,,,,,,363523.942000,,,,true,,,
gbz-base,gbz-base-baseline,random-1000000-00001,random-1000000,MHC-GRCh38,MHC,3053916,4053916,1000000,100,,,,,,,,,,,,,,,,,,,,,469054.131000,,,,true,,,
gbz-base,gbz-base-baseline,random-1000000-00002,random-1000000,MHC-GRCh38,MHC,3662178,4662178,1000000,100,,,,,,,,,,,,,,,,,,,,,1072501.661000,,,,true,,,
gbz-base,gbz-base-baseline,random-1000000-00003,random-1000000,MHC-GRCh38,MHC,1664410,2664410,1000000,100,,,,,,,,,,,,,,,,,,,,,211521.322000,,,,true,,,
gbz-base,gbz-base-baseline,random-1000000-00004,random-1000000,MHC-GRCh38,MHC,3882446,4882446,1000000,100,,,,,,,,,,,,,,,,,,,,,1008066.088000,,,,true,,,
gbz-base,gbz-base-baseline,random-1000000-00005,random-1000000,MHC-GRCh38,MHC,3946668,4946668,1000000,100,,,,,,,,,,,,,,,,,,,,,973643.694000,,,,true,,,
gbz-base,gbz-base-baseline,random-1000000-00006,random-1000000,MHC-GRCh38,MHC,2514903,3514903,1000000,100,,,,,,,,,,,,,,,,,,,,,486786.606000,,,,true,,,
gbz-base,gbz-base-baseline,random-1000000-00007,random-1000000,MHC-GRCh38,MHC,1441302,2441302,1000000,100,,,,,,,,,,,,,,,,,,,,,190400.235000,,,,true,,,
gbz-base,gbz-base-baseline,random-1000000-00008,random-1000000,MHC-GRCh38,MHC,3577106,4577106,1000000,100,,,,,,,,,,,,,,,,,,,,,1056069.865000,,,,true,,,
gbz-base,gbz-base-baseline,random-1000000-00009,random-1000000,MHC-GRCh38,MHC,3789056,4789056,1000000,100,,,,,,,,,,,,,,,,,,,,,1077052.323000,,,,true,,,
fixed-window,fixed-w16k-zstd-3,random-1000-00000,random-1000,MHC-GRCh38,MHC,2654244,2655244,1000,100,0,3,1,3,39112,39112,0,16384,4575,458,1,22270,1094,4386,35.751371,8.917465,15.138000,104.830000,320.029000,270.603000,731.950000,1,20,7023756c327dfc42cc748fd0c699aba076a4fdd6e782fc68c4f9317650d78d1f,true,62.542987,156.128960,316.429867
fixed-window,fixed-w16k-zstd-3,random-1000-00001,random-1000,MHC-GRCh38,MHC,4897918,4898918,1000,100,0,3,0,3,37240,37240,0,16384,3497,3011,1,17845,1143,3724,32.580927,10.000000,5.727000,76.300000,49.947000,57.134000,243.519000,2,5,0f3e26b2367cd8c927e3fcc74784b7c68afda5a708cdf28af6c3d6753b64b953,true,62.493067,155.979200,315.930667
fixed-window,fixed-w16k-zstd-3,random-1000-00002,random-1000,MHC-GRCh38,MHC,1758423,1759423,1000,100,0,2,0,2,28048,28048,0,16384,4575,0,1,11664,791,2881,35.458913,9.735509,6.269000,47.490000,57.516000,83.364000,216.423000,1,10,133fa0ebf1ed0843979635624467ecf79c6e162da236230f9bf2e6239a2b732e,true,41.747947,104.243840,211.479467
fixed-window,fixed-w16k-zstd-3,random-1000-00003,random-1000,MHC-GRCh38,MHC,3202374,3203374,1000,100,0,3,1,3,26869,26869,0,16384,4575,458,1,10027,1031,3465,26.061106,7.754401,6.035000,41.303000,36.788000,46.154000,146.029000,1,5,a206c9ece5e07726bb5b39e6657386c6246a99f8a3ab498cc78130719bfc8341,true,62.216507,155.149520,313.165067
fixed-window,fixed-w16k-zstd-3,random-1000-00004,random-1000,MHC-GRCh38,MHC,1529093,1530093,1000,100,0,2,0,2,31418,31418,0,16384,4575,0,1,15034,801,2774,39.223471,11.325883,5.112000,61.501000,106.794000,110.594000,300.866000,1,7,9eeefc2c27475e650e4092df95a3b58017919691e0a971867d5f0c4f1d41b4a7,true,41.837813,104.513440,212.378133
fixed-window,fixed-w16k-zstd-3,random-1000-00005,random-1000,MHC-GRCh38,MHC,999079,1000079,1000,100,0,2,0,2,38522,38522,0,16384,4575,0,1,22138,959,4021,40.168926,9.580204,5.364000,89.738000,101.853000,136.033000,428.563000,2,19,1a08adc0028aaf4bf93c8c4778378eb76cf8c8cbbb782f9c0496f0ac41df5129,true,42.027253,105.081760,214.272533
fixed-window,fixed-w16k-zstd-3,random-1000-00006,random-1000,MHC-GRCh38,MHC,4410732,4411732,1000,100,0,3,0,3,29650,29650,0,16384,3497,3011,1,10255,752,2710,39.428191,10.940959,4.944000,41.791000,41.601000,54.534000,160.939000,1,7,094f362cd65ffce3015be03603ec8e8c1ed6dcf943f687870ebde814eca7e69b,true,62.290667,155.372000,313.906667
fixed-window,fixed-w16k-zstd-3,random-1000-00007,random-1000,MHC-GRCh38,MHC,2388877,2389877,1000,100,0,2,0,2,27770,27770,0,16384,4575,0,1,11386,838,2947,33.138425,9.423142,5.428000,44.895000,47.976000,59.332000,172.442000,1,7,b4a99b0d35f06ec587a0c4126c82f9477599b85bd0802556fd4e43d6d4593233,true,41.740533,104.221600,211.405333
fixed-window,fixed-w16k-zstd-3,random-1000-00008,random-1000,MHC-GRCh38,MHC,844767,845767,1000,100,0,2,0,2,25521,25521,0,16384,4575,0,1,9137,800,3007,31.901250,8.487197,5.016000,36.922000,25.351000,36.916000,119.652000,1,10,ca775f09bf2a4a71b20e212b071ec8184f09136e111d888201e742f942c3a638,true,41.680560,104.041680,210.805600
fixed-window,fixed-w16k-zstd-3,random-1000-00009,random-1000,MHC-GRCh38,MHC,3227097,3228097,1000,100,0,3,1,3,35572,35572,0,16384,4575,458,1,18730,763,2531,46.621232,14.054524,5.944000,77.980000,61.150000,78.868000,290.205000,2,4,0255a889f5167fbf3a955d8155ad751b4570581dfb0e9bc2cdea6ae7ea4670ac,true,62.448587,155.845760,315.485867
fixed-window,fixed-w16k-zstd-3,random-10000-00000,random-10000,MHC-GRCh38,MHC,3078533,3088533,10000,100,0,3,1,3,37102,37102,0,16384,4575,458,1,20260,4813,21433,7.708706,1.731069,5.878000,83.673000,85.239000,201.844000,465.929000,2,97,dc43b95c88885288ca814cae4378ab3fb571c5e1dfea4d8ed03d04722fc4c29b,true,62.489387,155.968160,315.893867
fixed-window,fixed-w16k-zstd-3,random-10000-00001,random-10000,MHC-GRCh38,MHC,2465757,2475757,10000,100,0,2,0,2,51154,51154,0,16384,4575,0,1,34770,5821,27047,8.787837,1.891300,5.422000,148.107000,298.588000,566.929000,1244.854000,2,160,20b86cc9f9e11e316321a49147f44632b0f28c77313432f361cefe6f65278e65,true,42.364107,106.092320,217.641067
fixed-window,fixed-w16k-zstd-3,random-10000-00002,random-10000,MHC-GRCh38,MHC,3576984,3586984,10000,100,0,3,0,3,29860,29860,0,16384,4575,4089,1,9387,4485,17036,6.657748,1.752759,8.748000,40.120000,30.324000,87.927000,193.854000,1,57,7ee3b0bc227b0aa52897233ba7938e446f7c63d6ba45d9436bf4d1b4f86372fd,true,62.296267,155.388800,313.962667
fixed-window,fixed-w16k-zstd-3,random-10000-00003,random-10000,MHC-GRCh38,MHC,3405920,3415920,10000,100,0,3,1,3,34316,34316,0,16384,4575,458,1,17474,4059,14667,8.454299,2.339674,6.743000,80.626000,60.892000,108.143000,308.580000,2,33,e3d68b87ffccb4b800e2d33eb61b5ead880093fa6e7acc844608a79084deae1e,true,62.415093,155.745280,315.150933
fixed-window,fixed-w16k-zstd-3,random-10000-00004,random-10000,MHC-GRCh38,MHC,292664,302664,10000,100,0,2,0,2,45879,45879,0,16384,4575,0,1,29495,6119,30494,7.497794,1.504525,6.542000,124.095000,223.863000,474.269000,1003.157000,2,191,c92e8dfca12914199b3963cd6ef7b4a904faf713b505df888eeec6cf7c1fbae3,true,42.223440,105.670320,216.234400
fixed-window,fixed-w16k-zstd-3,random-10000-00005,random-10000,MHC-GRCh38,MHC,2389603,2399603,10000,100,0,2,0,2,42329,42329,0,16384,4575,0,1,25945,6227,29231,6.797655,1.448086,6.682000,107.969000,162.535000,386.825000,831.252000,2,178,5f5306feca5ab49a03c990170c527475bd6c49449f1927cb0d675ceb2ae11911,true,42.128773,105.386320,215.287733
fixed-window,fixed-w16k-zstd-3,random-10000-00006,random-10000,MHC-GRCh38,MHC,542027,552027,10000,100,0,2,0,2,26755,26755,0,16384,4575,0,1,10371,4642,18725,5.763679,1.428838,7.042000,45.330000,49.915000,132.086000,269.530000,1,74,f16715bee2a56c8c2784af99f7d3f3693e22336065908aa9271549d1d35f9786,true,41.713467,104.140400,211.134667
fixed-window,fixed-w16k-zstd-3,random-10000-00007,random-10000,MHC-GRCh38,MHC,4185669,4195669,10000,100,0,3,0,3,111073,111073,0,16384,4575,4089,1,90600,17607,128437,6.308457,0.864805,7.314000,530.654000,1731.315000,3301.315000,6431.308000,2,1170,85c69098d2911b7e6003d90847659c119df8a18e2207c8cdc3d72f5894d576c9,true,64.461947,161.885840,335.619467
fixed-window,fixed-w16k-zstd-3,random-10000-00008,random-10000,MHC-GRCh38,MHC,878649,888649,10000,100,0,2,0,2,43442,43442,0,16384,4575,0,1,27058,5948,28208,7.303631,1.540060,29.887000,117.245000,193.676000,370.878000,876.290000,2,164,95cdd4c8198d0235b09b1deafd6a4b64e49fc7a45f14e067d1aa541b938b7d02,true,42.158453,105.475360,215.584533
fixed-window,fixed-w16k-zstd-3,random-10000-00009,random-10000,MHC-GRCh38,MHC,2541935,2551935,10000,100,0,2,0,2,38768,38768,0,16384,4575,0,1,22384,9286,49198,4.174887,0.788000,5.465000,96.616000,240.825000,633.996000,1012.072000,1,378,eea2d4eb88aca6dcf6c4fe471c2c50678ad3c23800ae4b85272d58820810e48b,true,42.033813,105.101440,214.338133
fixed-window,fixed-w16k-zstd-3,random-100000-00000,random-100000,MHC-GRCh38,MHC,4262931,4362931,100000,100,0,3,0,3,171265,171265,0,16384,7586,7100,2,147781,61376,393053,2.790423,0.435730,14.452000,621.446000,1423.172000,5255.797000,8612.665000,7,2892,befd5798f26d5c7b42d1717a5cfe86cf51b09dfc111ba1aae713cf80a449d48a,true,66.067067,166.701200,351.670667
fixed-window,fixed-w16k-zstd-3,random-100000-00001,random-100000,MHC-GRCh38,MHC,2031962,2131962,100000,100,0,2,0,2,79911,79911,0,16384,4575,0,1,63527,39057,151055,2.046010,0.529019,7.601000,266.659000,208.714000,787.936000,1596.507000,7,485,298779b47caf6fb56cd3bae009a7b724d447714231d6ef5bba143d0ba0d62ae6,true,43.130960,108.392880,225.309600
fixed-window,fixed-w16k-zstd-3,random-100000-00002,random-100000,MHC-GRCh38,MHC,1080439,1180439,100000,100,0,2,0,2,131224,131224,0,16384,4575,0,1,114840,48408,237229,2.710792,0.553153,5.972000,509.212000,920.804000,2728.170000,5267.549000,8,1338,919458d9233d10d96757b231e92f6f517dd5007403b91e944381979f638a151c,true,44.499307,112.497920,238.993067
fixed-window,fixed-w16k-zstd-3,random-100000-00003,random-100000,MHC-GRCh38,MHC,864953,964953,100000,100,0,2,0,2,92645,92645,0,16384,8664,0,2,76261,43638,185678,2.123035,0.498955,48.932000,318.491000,373.250000,1308.405000,2475.923000,7,820,f6107225b0af1dcefff1164d0ebcc9060ac13a8f00bdd5973ebd3832eab8ae2c,true,43.470533,109.411600,228.705333
fixed-window,fixed-w16k-zstd-3,random-100000-00004,random-100000,MHC-GRCh38,MHC,4129708,4229708,100000,100,0,3,0,3,406284,406284,0,16384,4575,4089,1,385811,166328,1664136,2.442668,0.244141,25.537000,2457.601000,8033.765000,34251.425000,52785.038000,7,15919,1386cc9557a3430593a42d82a4f8ee06e6ef3d3aaaeb97420f5ea050ab586a49,true,72.334240,185.502720,414.342400
fixed-window,fixed-w16k-zstd-3,random-100000-00005,random-100000,MHC-GRCh38,MHC,4502173,4602173,100000,100,0,3,0,3,175980,175980,0,16384,3497,3011,1,156585,64568,469823,2.725499,0.374567,8.049000,695.488000,1815.256000,6524.456000,11103.967000,7,3665,7673b8a947f7fff0a7f89605e806df4c300c2c59ceb6140ecfed1f37f3ea8184,true,66.192800,167.078400,352.928000
fixed-window,fixed-w16k-zstd-3,random-100000-00006,random-100000,MHC-GRCh38,MHC,434533,534533,100000,100,0,2,0,2,92096,92096,0,16384,4575,0,1,75712,42719,186899,2.155856,0.492758,8.032000,313.526000,368.377000,1360.759000,2559.439000,7,846,61b2ebdac5872792613dc1ff802aadbbd22e9c28c8ae067fffca0085d722305d,true,43.455893,109.367680,228.558933
fixed-window,fixed-w16k-zstd-3,random-100000-00007,random-100000,MHC-GRCh38,MHC,1813450,1913450,100000,100,0,2,0,2,111325,111325,0,16384,4575,0,1,94941,49170,245093,2.264084,0.454215,33.870000,392.344000,624.681000,2353.200000,4144.678000,7,1420,5bd49a40268a771a3f3941b3cca19f2693e3d94f4fcc79f1781bff5a86d44474,true,43.968667,110.906000,233.686667
fixed-window,fixed-w16k-zstd-3,random-100000-00008,random-100000,MHC-GRCh38,MHC,898253,998253,100000,100,0,2,0,2,83706,83706,0,16384,4575,0,1,67322,39780,147605,2.104223,0.567095,6.442000,294.590000,265.337000,756.028000,1608.054000,7,444,6f37807f43b3120ee8ab6e9d986088ca53183c089fd977eeb73eb6e3af745553,true,43.232160,108.696480,226.321600
fixed-window,fixed-w16k-zstd-3,random-100000-00009,random-100000,MHC-GRCh38,MHC,4231710,4331710,100000,100,0,3,0,3,184930,184930,0,16384,4575,4089,1,164457,66193,442213,2.793800,0.418192,7.772000,694.042000,1695.816000,6099.239000,10188.083000,7,3379,ac378f0e421356116b75697d2300397d66eeff26cd5a6fcf9dee9f4791e9514a,true,66.431467,167.794400,355.314667
fixed-window,fixed-w16k-zstd-3,random-1000000-00000,random-1000000,MHC-GRCh38,MHC,994225,1994225,1000000,100,0,2,0,2,1104180,1104180,0,16384,8664,0,2,1087796,548894,3443303,2.011645,0.320675,14.825000,4873.924000,10660.624000,52644.400000,82680.863000,62,24980,e039d704c358bca65f992eff31cc093af09a0746282cd90f67eb0127375fd4ea,true,70.444800,190.334400,498.448000
fixed-window,fixed-w16k-zstd-3,random-1000000-00001,random-1000000,MHC-GRCh38,MHC,3053916,4053916,1000000,100,0,3,1,3,1256757,1256757,0,16384,8664,4547,2,1235826,596076,4205164,2.108384,0.298860,17.514000,6319.514000,16086.458000,73909.876000,117889.122000,62,33451,02b0cd494e49d7daad9c061e26bd5f30875e890011b40319ac8385b03468adb0,true,95.013520,253.540560,641.135200
fixed-window,fixed-w16k-zstd-3,random-1000000-00002,random-1000000,MHC-GRCh38,MHC,3662178,4662178,1000000,100,0,3,0,3,2111837,2111837,0,16384,7586,7100,2,2088353,995745,8344254,2.120861,0.253089,261.548000,11646.762000,34338.683000,171913.884000,265335.541000,62,75875,9f2f534dbeb6bc19fdb0aaddd7dcbbbf12f3244522db2b99cc0005bf57dcd7ca,true,117.815653,321.946960,869.156533
fixed-window,fixed-w16k-zstd-3,random-1000000-00003,random-1000000,MHC-GRCh38,MHC,1664410,2664410,1000000,100,0,3,1,3,886117,886117,0,16384,12753,458,3,869275,463364,2504865,1.912356,0.353758,23.151000,3635.765000,6426.814000,31664.229000,50616.997000,62,14806,503b4b8eeb4d6b89896360d25d9cf284431c6fb57279fa10a6bb4e837333cb36,true,85.129787,223.889360,542.297867
fixed-window,fixed-w16k-zstd-3,random-1000000-00004,random-1000000,MHC-GRCh38,MHC,3882446,4882446,1000000,100,0,3,0,3,2018545,2018545,0,16384,7586,7100,2,1995061,939090,7930076,2.149469,0.254543,18.094000,11226.737000,32993.192000,161812.256000,251241.087000,63,71788,6ee89cfcacf1b33a3922fb060df2a2c6eecf14744ab9c8e57fa06c90b10c8a7f,true,115.327867,314.483600,844.278667
fixed-window,fixed-w16k-zstd-3,random-1000000-00005,random-1000000,MHC-GRCh38,MHC,3946668,4946668,1000000,100,0,3,0,3,1937040,1937040,0,16384,7586,7100,2,1913556,910125,7639916,2.128323,0.253542,18.086000,10817.472000,31671.558000,154594.477000,240272.123000,62,68872,6ecc17a43d30f9682e54af7859498a82e49e925f11120bc92457d41d4a96b4fb,true,113.154400,307.963200,822.544000
fixed-window,fixed-w16k-zstd-3,random-1000000-00006,random-1000000,MHC-GRCh38,MHC,2514903,3514903,1000000,100,0,3,1,3,1301055,1301055,0,16384,12753,4547,3,1280124,637041,4331859,2.042341,0.300346,23.972000,6242.696000,15429.608000,73871.899000,116277.950000,62,33702,2eaba3ded88cbe0bc539b52cc4ebadfc160b0a7a4c53da1cee26f31fdc1fbb0a,true,96.194800,257.084400,652.948000
fixed-window,fixed-w16k-zstd-3,random-1000000-00007,random-1000000,MHC-GRCh38,MHC,1441302,2441302,1000000,100,0,2,0,2,891486,891486,0,16384,8664,0,2,875102,443056,2355194,2.012129,0.378519,15.733000,3880.670000,6804.258000,29445.978000,48596.780000,63,13330,7fb2f354d42e738dc73f6f3403e942f8e5039fe5e0b6cceac898af8d2a410cd1,true,64.772960,173.318880,441.729600
fixed-window,fixed-w16k-zstd-3,random-1000000-00008,random-1000000,MHC-GRCh38,MHC,3577106,4577106,1000000,100,0,3,0,3,2049210,2049210,0,16384,7586,7100,2,2025726,967310,8107664,2.118463,0.252750,16.829000,11380.509000,33314.539000,163549.452000,254247.134000,62,73514,02fbe6e2d39e65f22196b639408caf4958d8e64401b51b4c559fdb2358a04813,true,116.145600,316.936800,852.456000
fixed-window,fixed-w16k-zstd-3,random-1000000-00009,random-1000000,MHC-GRCh38,MHC,3789056,4789056,1000000,100,0,3,0,3,2060188,2060188,0,16384,7586,7100,2,2036704,971558,8161676,2.120499,0.252422,18.139000,11449.435000,33638.771000,163254.721000,254840.174000,62,74064,c242949d8abb5b783df011e87a4db1ed019295ff1ca51b4af5982090d03ce42c,true,116.438347,317.815040,855.383467
fixed-window,fixed-w16k-zstd-3,random-1000-00000,random-1000,MHC-GRCh38,MHC,2654244,2655244,1000,100,4096,3,1,3,39112,39112,0,16384,4575,458,1,22270,1094,4386,35.751371,8.917465,9.105000,102.523000,288.109000,283.585000,1029.745000,1,20,7023756c327dfc42cc748fd0c699aba076a4fdd6e782fc68c4f9317650d78d1f,true,62.542987,156.128960,316.429867
fixed-window,fixed-w16k-zstd-3,random-1000-00001,random-1000,MHC-GRCh38,MHC,4897918,4898918,1000,100,4096,3,0,3,37240,37240,0,16384,3497,3011,1,17845,1143,3724,32.580927,10.000000,5.845000,73.654000,49.441000,58.205000,247.297000,2,5,0f3e26b2367cd8c927e3fcc74784b7c68afda5a708cdf28af6c3d6753b64b953,true,62.493067,155.979200,315.930667
fixed-window,fixed-w16k-zstd-3,random-1000-00002,random-1000,MHC-GRCh38,MHC,1758423,1759423,1000,100,4096,2,0,2,28048,28048,0,16384,4575,0,1,11664,791,2881,35.458913,9.735509,5.386000,48.571000,57.185000,75.564000,206.364000,1,10,133fa0ebf1ed0843979635624467ecf79c6e162da236230f9bf2e6239a2b732e,true,41.747947,104.243840,211.479467
fixed-window,fixed-w16k-zstd-3,random-1000-00003,random-1000,MHC-GRCh38,MHC,3202374,3203374,1000,100,4096,3,1,3,26869,26869,0,16384,4575,458,1,10027,1031,3465,26.061106,7.754401,6.060000,41.095000,37.315000,44.701000,145.524000,1,5,a206c9ece5e07726bb5b39e6657386c6246a99f8a3ab498cc78130719bfc8341,true,62.216507,155.149520,313.165067
fixed-window,fixed-w16k-zstd-3,random-1000-00004,random-1000,MHC-GRCh38,MHC,1529093,1530093,1000,100,4096,2,0,2,31418,31418,0,16384,4575,0,1,15034,801,2774,39.223471,11.325883,5.015000,61.133000,106.841000,115.774000,306.788000,1,7,9eeefc2c27475e650e4092df95a3b58017919691e0a971867d5f0c4f1d41b4a7,true,41.837813,104.513440,212.378133
fixed-window,fixed-w16k-zstd-3,random-1000-00005,random-1000,MHC-GRCh38,MHC,999079,1000079,1000,100,4096,2,0,2,38522,38522,0,16384,4575,0,1,22138,959,4021,40.168926,9.580204,5.148000,89.545000,102.575000,132.837000,428.963000,2,19,1a08adc0028aaf4bf93c8c4778378eb76cf8c8cbbb782f9c0496f0ac41df5129,true,42.027253,105.081760,214.272533
fixed-window,fixed-w16k-zstd-3,random-1000-00006,random-1000,MHC-GRCh38,MHC,4410732,4411732,1000,100,4096,3,0,3,29650,29650,0,16384,3497,3011,1,10255,752,2710,39.428191,10.940959,5.089000,41.689000,40.652000,51.629000,160.045000,1,7,094f362cd65ffce3015be03603ec8e8c1ed6dcf943f687870ebde814eca7e69b,true,62.290667,155.372000,313.906667
fixed-window,fixed-w16k-zstd-3,random-1000-00007,random-1000,MHC-GRCh38,MHC,2388877,2389877,1000,100,4096,2,0,2,27770,27770,0,16384,4575,0,1,11386,838,2947,33.138425,9.423142,5.268000,44.817000,47.813000,59.213000,173.302000,1,7,b4a99b0d35f06ec587a0c4126c82f9477599b85bd0802556fd4e43d6d4593233,true,41.740533,104.221600,211.405333
fixed-window,fixed-w16k-zstd-3,random-1000-00008,random-1000,MHC-GRCh38,MHC,844767,845767,1000,100,4096,2,0,2,25521,25521,0,16384,4575,0,1,9137,800,3007,31.901250,8.487197,5.357000,37.646000,25.560000,36.915000,123.882000,1,10,ca775f09bf2a4a71b20e212b071ec8184f09136e111d888201e742f942c3a638,true,41.680560,104.041680,210.805600
fixed-window,fixed-w16k-zstd-3,random-1000-00009,random-1000,MHC-GRCh38,MHC,3227097,3228097,1000,100,4096,3,1,3,35572,35572,0,16384,4575,458,1,18730,763,2531,46.621232,14.054524,6.201000,77.219000,60.550000,74.374000,284.033000,2,4,0255a889f5167fbf3a955d8155ad751b4570581dfb0e9bc2cdea6ae7ea4670ac,true,62.448587,155.845760,315.485867
fixed-window,fixed-w16k-zstd-3,random-10000-00000,random-10000,MHC-GRCh38,MHC,3078533,3088533,10000,100,4096,3,1,3,37102,37102,0,16384,4575,458,1,20260,4813,21433,7.708706,1.731069,5.884000,83.961000,85.134000,199.262000,461.054000,2,97,dc43b95c88885288ca814cae4378ab3fb571c5e1dfea4d8ed03d04722fc4c29b,true,62.489387,155.968160,315.893867
fixed-window,fixed-w16k-zstd-3,random-10000-00001,random-10000,MHC-GRCh38,MHC,2465757,2475757,10000,100,4096,2,0,2,51154,51154,0,16384,4575,0,1,34770,5821,27047,8.787837,1.891300,5.686000,143.357000,293.148000,506.700000,1170.931000,2,160,20b86cc9f9e11e316321a49147f44632b0f28c77313432f361cefe6f65278e65,true,42.364107,106.092320,217.641067
fixed-window,fixed-w16k-zstd-3,random-10000-00002,random-10000,MHC-GRCh38,MHC,3576984,3586984,10000,100,4096,3,0,3,29860,29860,0,16384,4575,4089,1,9387,4485,17036,6.657748,1.752759,7.339000,39.033000,29.277000,87.339000,188.559000,1,57,7ee3b0bc227b0aa52897233ba7938e446f7c63d6ba45d9436bf4d1b4f86372fd,true,62.296267,155.388800,313.962667
fixed-window,fixed-w16k-zstd-3,random-10000-00003,random-10000,MHC-GRCh38,MHC,3405920,3415920,10000,100,4096,3,1,3,34316,34316,0,16384,4575,458,1,17474,4059,14667,8.454299,2.339674,5.925000,74.127000,57.701000,92.522000,276.658000,2,33,e3d68b87ffccb4b800e2d33eb61b5ead880093fa6e7acc844608a79084deae1e,true,62.415093,155.745280,315.150933
fixed-window,fixed-w16k-zstd-3,random-10000-00004,random-10000,MHC-GRCh38,MHC,292664,302664,10000,100,4096,2,0,2,45879,45879,0,16384,4575,0,1,29495,6119,30494,7.497794,1.504525,5.501000,122.302000,210.125000,428.343000,911.465000,2,191,c92e8dfca12914199b3963cd6ef7b4a904faf713b505df888eeec6cf7c1fbae3,true,42.223440,105.670320,216.234400
fixed-window,fixed-w16k-zstd-3,random-10000-00005,random-10000,MHC-GRCh38,MHC,2389603,2399603,10000,100,4096,2,0,2,42329,42329,0,16384,4575,0,1,25945,6227,29231,6.797655,1.448086,5.649000,104.571000,149.520000,355.878000,755.158000,2,178,5f5306feca5ab49a03c990170c527475bd6c49449f1927cb0d675ceb2ae11911,true,42.128773,105.386320,215.287733
fixed-window,fixed-w16k-zstd-3,random-10000-00006,random-10000,MHC-GRCh38,MHC,542027,552027,10000,100,4096,2,0,2,26755,26755,0,16384,4575,0,1,10371,4642,18725,5.763679,1.428838,5.646000,43.795000,49.637000,129.980000,249.750000,1,74,f16715bee2a56c8c2784af99f7d3f3693e22336065908aa9271549d1d35f9786,true,41.713467,104.140400,211.134667
fixed-window,fixed-w16k-zstd-3,random-10000-00007,random-10000,MHC-GRCh38,MHC,4185669,4195669,10000,100,4096,3,0,3,111073,111073,0,16384,4575,4089,1,90600,17607,128437,6.308457,0.864805,6.257000,525.982000,1689.795000,3253.770000,6327.784000,2,1170,85c69098d2911b7e6003d90847659c119df8a18e2207c8cdc3d72f5894d576c9,true,64.461947,161.885840,335.619467
fixed-window,fixed-w16k-zstd-3,random-10000-00008,random-10000,MHC-GRCh38,MHC,878649,888649,10000,100,4096,2,0,2,43442,43442,0,16384,4575,0,1,27058,5948,28208,7.303631,1.540060,7.536000,116.847000,192.456000,373.646000,872.568000,2,164,95cdd4c8198d0235b09b1deafd6a4b64e49fc7a45f14e067d1aa541b938b7d02,true,42.158453,105.475360,215.584533
fixed-window,fixed-w16k-zstd-3,random-10000-00009,random-10000,MHC-GRCh38,MHC,2541935,2551935,10000,100,4096,2,0,2,38768,38768,0,16384,4575,0,1,22384,9286,49198,4.174887,0.788000,5.616000,95.989000,235.047000,642.534000,1011.453000,1,378,eea2d4eb88aca6dcf6c4fe471c2c50678ad3c23800ae4b85272d58820810e48b,true,42.033813,105.101440,214.338133
fixed-window,fixed-w16k-zstd-3,random-100000-00000,random-100000,MHC-GRCh38,MHC,4262931,4362931,100000,100,4096,3,0,3,171265,171265,0,16384,7586,7100,2,147781,61376,393053,2.790423,0.435730,13.632000,629.376000,1485.422000,5412.271000,8857.987000,7,2892,befd5798f26d5c7b42d1717a5cfe86cf51b09dfc111ba1aae713cf80a449d48a,true,66.067067,166.701200,351.670667
fixed-window,fixed-w16k-zstd-3,random-100000-00001,random-100000,MHC-GRCh38,MHC,2031962,2131962,100000,100,4096,2,0,2,79911,79911,0,16384,4575,0,1,63527,39057,151055,2.046010,0.529019,7.287000,267.268000,215.674000,802.403000,1641.039000,7,485,298779b47caf6fb56cd3bae009a7b724d447714231d6ef5bba143d0ba0d62ae6,true,43.130960,108.392880,225.309600
fixed-window,fixed-w16k-zstd-3,random-100000-00002,random-100000,MHC-GRCh38,MHC,1080439,1180439,100000,100,4096,2,0,2,131224,131224,0,16384,4575,0,1,114840,48408,237229,2.710792,0.553153,6.452000,511.686000,931.166000,2634.636000,5199.749000,8,1338,919458d9233d10d96757b231e92f6f517dd5007403b91e944381979f638a151c,true,44.499307,112.497920,238.993067
fixed-window,fixed-w16k-zstd-3,random-100000-00003,random-100000,MHC-GRCh38,MHC,864953,964953,100000,100,4096,2,0,2,92645,92645,0,16384,8664,0,2,76261,43638,185678,2.123035,0.498955,11.679000,331.901000,402.513000,1340.398000,2566.962000,7,820,f6107225b0af1dcefff1164d0ebcc9060ac13a8f00bdd5973ebd3832eab8ae2c,true,43.470533,109.411600,228.705333
fixed-window,fixed-w16k-zstd-3,random-100000-00004,random-100000,MHC-GRCh38,MHC,4129708,4229708,100000,100,4096,3,0,3,406284,406284,0,16384,4575,4089,1,385811,166328,1664136,2.442668,0.244141,24.610000,2452.079000,8024.593000,34344.570000,52701.154000,7,15919,1386cc9557a3430593a42d82a4f8ee06e6ef3d3aaaeb97420f5ea050ab586a49,true,72.334240,185.502720,414.342400
fixed-window,fixed-w16k-zstd-3,random-100000-00005,random-100000,MHC-GRCh38,MHC,4502173,4602173,100000,100,4096,3,0,3,175980,175980,0,16384,3497,3011,1,156585,64568,469823,2.725499,0.374567,7.904000,697.441000,1796.859000,6627.778000,11192.539000,7,3665,7673b8a947f7fff0a7f89605e806df4c300c2c59ceb6140ecfed1f37f3ea8184,true,66.192800,167.078400,352.928000
fixed-window,fixed-w16k-zstd-3,random-100000-00006,random-100000,MHC-GRCh38,MHC,434533,534533,100000,100,4096,2,0,2,92096,92096,0,16384,4575,0,1,75712,42719,186899,2.155856,0.492758,8.360000,325.897000,392.150000,1383.568000,2641.892000,7,846,61b2ebdac5872792613dc1ff802aadbbd22e9c28c8ae067fffca0085d722305d,true,43.455893,109.367680,228.558933
fixed-window,fixed-w16k-zstd-3,random-100000-00007,random-100000,MHC-GRCh38,MHC,1813450,1913450,100000,100,4096,2,0,2,111325,111325,0,16384,4575,0,1,94941,49170,245093,2.264084,0.454215,43.314000,387.969000,626.327000,2365.107000,4158.108000,7,1420,5bd49a40268a771a3f3941b3cca19f2693e3d94f4fcc79f1781bff5a86d44474,true,43.968667,110.906000,233.686667
fixed-window,fixed-w16k-zstd-3,random-100000-00008,random-100000,MHC-GRCh38,MHC,898253,998253,100000,100,4096,2,0,2,83706,83706,0,16384,4575,0,1,67322,39780,147605,2.104223,0.567095,6.793000,280.818000,256.822000,759.366000,1588.824000,7,444,6f37807f43b3120ee8ab6e9d986088ca53183c089fd977eeb73eb6e3af745553,true,43.232160,108.696480,226.321600
fixed-window,fixed-w16k-zstd-3,random-100000-00009,random-100000,MHC-GRCh38,MHC,4231710,4331710,100000,100,4096,3,0,3,184930,184930,0,16384,4575,4089,1,164457,66193,442213,2.793800,0.418192,7.677000,764.999000,1891.637000,9569.052000,14099.728000,7,3379,ac378f0e421356116b75697d2300397d66eeff26cd5a6fcf9dee9f4791e9514a,true,66.431467,167.794400,355.314667
fixed-window,fixed-w16k-zstd-3,random-1000000-00000,random-1000000,MHC-GRCh38,MHC,994225,1994225,1000000,100,4096,2,0,2,1104180,1104180,0,16384,8664,0,2,1087796,548894,3443303,2.011645,0.320675,16.695000,5575.788000,12284.919000,54106.643000,89063.588000,62,24980,e039d704c358bca65f992eff31cc093af09a0746282cd90f67eb0127375fd4ea,true,70.444800,190.334400,498.448000
fixed-window,fixed-w16k-zstd-3,random-1000000-00001,random-1000000,MHC-GRCh38,MHC,3053916,4053916,1000000,100,4096,3,1,3,1256757,1256757,0,16384,8664,4547,2,1235826,596076,4205164,2.108384,0.298860,17.331000,6386.636000,16234.716000,74287.043000,118709.920000,62,33451,02b0cd494e49d7daad9c061e26bd5f30875e890011b40319ac8385b03468adb0,true,95.013520,253.540560,641.135200
fixed-window,fixed-w16k-zstd-3,random-1000000-00002,random-1000000,MHC-GRCh38,MHC,3662178,4662178,1000000,100,4096,3,0,3,2111837,2111837,0,16384,7586,7100,2,2088353,995745,8344254,2.120861,0.253089,16.854000,11710.935000,34425.090000,169995.153000,264113.842000,62,75875,9f2f534dbeb6bc19fdb0aaddd7dcbbbf12f3244522db2b99cc0005bf57dcd7ca,true,117.815653,321.946960,869.156533
fixed-window,fixed-w16k-zstd-3,random-1000000-00003,random-1000000,MHC-GRCh38,MHC,1664410,2664410,1000000,100,4096,3,1,3,886117,886117,0,16384,12753,458,3,869275,463364,2504865,1.912356,0.353758,22.715000,3653.295000,6486.136000,30888.105000,49963.637000,62,14806,503b4b8eeb4d6b89896360d25d9cf284431c6fb57279fa10a6bb4e837333cb36,true,85.129787,223.889360,542.297867
fixed-window,fixed-w16k-zstd-3,random-1000000-00004,random-1000000,MHC-GRCh38,MHC,3882446,4882446,1000000,100,4096,3,0,3,2018545,2018545,0,16384,7586,7100,2,1995061,939090,7930076,2.149469,0.254543,17.186000,11269.754000,32872.871000,160543.856000,249774.093000,63,71788,6ee89cfcacf1b33a3922fb060df2a2c6eecf14744ab9c8e57fa06c90b10c8a7f,true,115.327867,314.483600,844.278667
fixed-window,fixed-w16k-zstd-3,random-1000000-00005,random-1000000,MHC-GRCh38,MHC,3946668,4946668,1000000,100,4096,3,0,3,1937040,1937040,0,16384,7586,7100,2,1913556,910125,7639916,2.128323,0.253542,16.231000,10920.896000,31865.807000,153998.355000,240400.362000,62,68872,6ecc17a43d30f9682e54af7859498a82e49e925f11120bc92457d41d4a96b4fb,true,113.154400,307.963200,822.544000
fixed-window,fixed-w16k-zstd-3,random-1000000-00006,random-1000000,MHC-GRCh38,MHC,2514903,3514903,1000000,100,4096,3,1,3,1301055,1301055,0,16384,12753,4547,3,1280124,637041,4331859,2.042341,0.300346,22.121000,6274.115000,15480.100000,73141.373000,115542.536000,62,33702,2eaba3ded88cbe0bc539b52cc4ebadfc160b0a7a4c53da1cee26f31fdc1fbb0a,true,96.194800,257.084400,652.948000
fixed-window,fixed-w16k-zstd-3,random-1000000-00007,random-1000000,MHC-GRCh38,MHC,1441302,2441302,1000000,100,4096,2,0,2,891486,891486,0,16384,8664,0,2,875102,443056,2355194,2.012129,0.378519,14.645000,3747.509000,6896.969000,29365.402000,48567.570000,63,13330,7fb2f354d42e738dc73f6f3403e942f8e5039fe5e0b6cceac898af8d2a410cd1,true,64.772960,173.318880,441.729600
fixed-window,fixed-w16k-zstd-3,random-1000000-00008,random-1000000,MHC-GRCh38,MHC,3577106,4577106,1000000,100,4096,3,0,3,2049210,2049210,0,16384,7586,7100,2,2025726,967310,8107664,2.118463,0.252750,16.771000,11395.638000,33312.878000,164088.435000,254985.856000,62,73514,02fbe6e2d39e65f22196b639408caf4958d8e64401b51b4c559fdb2358a04813,true,116.145600,316.936800,852.456000
fixed-window,fixed-w16k-zstd-3,random-1000000-00009,random-1000000,MHC-GRCh38,MHC,3789056,4789056,1000000,100,4096,3,0,3,2060188,2060188,0,16384,7586,7100,2,2036704,971558,8161676,2.120499,0.252422,16.683000,11432.889000,33661.561000,166411.685000,257953.015000,62,74064,c242949d8abb5b783df011e87a4db1ed019295ff1ca51b4af5982090d03ce42c,true,116.438347,317.815040,855.383467
fixed-window,fixed-w16k-zstd-3,random-1000-00000,random-1000,MHC-GRCh38,MHC,2654244,2655244,1000,100,16384,3,1,3,39112,39112,0,16384,4575,458,1,22270,1094,4386,35.751371,8.917465,9.655000,100.136000,279.367000,271.399000,984.886000,1,20,7023756c327dfc42cc748fd0c699aba076a4fdd6e782fc68c4f9317650d78d1f,true,62.542987,156.128960,316.429867
fixed-window,fixed-w16k-zstd-3,random-1000-00001,random-1000,MHC-GRCh38,MHC,4897918,4898918,1000,100,16384,3,0,3,37240,37240,0,16384,3497,3011,1,17845,1143,3724,32.580927,10.000000,5.458000,74.229000,49.865000,55.687000,238.414000,2,5,0f3e26b2367cd8c927e3fcc74784b7c68afda5a708cdf28af6c3d6753b64b953,true,62.493067,155.979200,315.930667
fixed-window,fixed-w16k-zstd-3,random-1000-00002,random-1000,MHC-GRCh38,MHC,1758423,1759423,1000,100,16384,2,0,2,28048,28048,0,16384,4575,0,1,11664,791,2881,35.458913,9.735509,5.445000,47.291000,56.327000,73.303000,202.878000,1,10,133fa0ebf1ed0843979635624467ecf79c6e162da236230f9bf2e6239a2b732e,true,41.747947,104.243840,211.479467
fixed-window,fixed-w16k-zstd-3,random-1000-00003,random-1000,MHC-GRCh38,MHC,3202374,3203374,1000,100,16384,3,1,3,26869,26869,0,16384,4575,458,1,10027,1031,3465,26.061106,7.754401,6.210000,41.573000,36.633000,44.738000,149.621000,1,5,a206c9ece5e07726bb5b39e6657386c6246a99f8a3ab498cc78130719bfc8341,true,62.216507,155.149520,313.165067
fixed-window,fixed-w16k-zstd-3,random-1000-00004,random-1000,MHC-GRCh38,MHC,1529093,1530093,1000,100,16384,2,0,2,31418,31418,0,16384,4575,0,1,15034,801,2774,39.223471,11.325883,4.990000,61.072000,107.605000,110.933000,302.504000,1,7,9eeefc2c27475e650e4092df95a3b58017919691e0a971867d5f0c4f1d41b4a7,true,41.837813,104.513440,212.378133
fixed-window,fixed-w16k-zstd-3,random-1000-00005,random-1000,MHC-GRCh38,MHC,999079,1000079,1000,100,16384,2,0,2,38522,38522,0,16384,4575,0,1,22138,959,4021,40.168926,9.580204,5.023000,89.370000,102.200000,131.894000,426.994000,2,19,1a08adc0028aaf4bf93c8c4778378eb76cf8c8cbbb782f9c0496f0ac41df5129,true,42.027253,105.081760,214.272533
fixed-window,fixed-w16k-zstd-3,random-1000-00006,random-1000,MHC-GRCh38,MHC,4410732,4411732,1000,100,16384,3,0,3,29650,29650,0,16384,3497,3011,1,10255,752,2710,39.428191,10.940959,4.913000,42.499000,41.215000,50.917000,160.603000,1,7,094f362cd65ffce3015be03603ec8e8c1ed6dcf943f687870ebde814eca7e69b,true,62.290667,155.372000,313.906667
fixed-window,fixed-w16k-zstd-3,random-1000-00007,random-1000,MHC-GRCh38,MHC,2388877,2389877,1000,100,16384,2,0,2,27770,27770,0,16384,4575,0,1,11386,838,2947,33.138425,9.423142,5.097000,44.822000,48.073000,58.882000,173.487000,1,7,b4a99b0d35f06ec587a0c4126c82f9477599b85bd0802556fd4e43d6d4593233,true,41.740533,104.221600,211.405333
fixed-window,fixed-w16k-zstd-3,random-1000-00008,random-1000,MHC-GRCh38,MHC,844767,845767,1000,100,16384,2,0,2,25521,25521,0,16384,4575,0,1,9137,800,3007,31.901250,8.487197,5.094000,37.153000,25.791000,36.983000,120.782000,1,10,ca775f09bf2a4a71b20e212b071ec8184f09136e111d888201e742f942c3a638,true,41.680560,104.041680,210.805600
fixed-window,fixed-w16k-zstd-3,random-1000-00009,random-1000,MHC-GRCh38,MHC,3227097,3228097,1000,100,16384,3,1,3,35572,35572,0,16384,4575,458,1,18730,763,2531,46.621232,14.054524,5.943000,76.830000,60.358000,73.742000,281.412000,2,4,0255a889f5167fbf3a955d8155ad751b4570581dfb0e9bc2cdea6ae7ea4670ac,true,62.448587,155.845760,315.485867
fixed-window,fixed-w16k-zstd-3,random-10000-00000,random-10000,MHC-GRCh38,MHC,3078533,3088533,10000,100,16384,3,1,3,37102,37102,0,16384,4575,458,1,20260,4813,21433,7.708706,1.731069,6.017000,86.677000,84.576000,198.479000,463.126000,2,97,dc43b95c88885288ca814cae4378ab3fb571c5e1dfea4d8ed03d04722fc4c29b,true,62.489387,155.968160,315.893867
fixed-window,fixed-w16k-zstd-3,random-10000-00001,random-10000,MHC-GRCh38,MHC,2465757,2475757,10000,100,16384,2,0,2,51154,51154,0,16384,4575,0,1,34770,5821,27047,8.787837,1.891300,5.161000,143.775000,296.121000,503.396000,1171.838000,2,160,20b86cc9f9e11e316321a49147f44632b0f28c77313432f361cefe6f65278e65,true,42.364107,106.092320,217.641067
fixed-window,fixed-w16k-zstd-3,random-10000-00002,random-10000,MHC-GRCh38,MHC,3576984,3586984,10000,100,16384,3,0,3,29860,29860,0,16384,4575,4089,1,9387,4485,17036,6.657748,1.752759,6.871000,38.488000,29.114000,85.194000,183.380000,1,57,7ee3b0bc227b0aa52897233ba7938e446f7c63d6ba45d9436bf4d1b4f86372fd,true,62.296267,155.388800,313.962667
fixed-window,fixed-w16k-zstd-3,random-10000-00003,random-10000,MHC-GRCh38,MHC,3405920,3415920,10000,100,16384,3,1,3,34316,34316,0,16384,4575,458,1,17474,4059,14667,8.454299,2.339674,5.907000,74.122000,53.026000,93.915000,275.879000,2,33,e3d68b87ffccb4b800e2d33eb61b5ead880093fa6e7acc844608a79084deae1e,true,62.415093,155.745280,315.150933
fixed-window,fixed-w16k-zstd-3,random-10000-00004,random-10000,MHC-GRCh38,MHC,292664,302664,10000,100,16384,2,0,2,45879,45879,0,16384,4575,0,1,29495,6119,30494,7.497794,1.504525,5.167000,126.531000,212.035000,427.085000,916.486000,2,191,c92e8dfca12914199b3963cd6ef7b4a904faf713b505df888eeec6cf7c1fbae3,true,42.223440,105.670320,216.234400
fixed-window,fixed-w16k-zstd-3,random-10000-00005,random-10000,MHC-GRCh38,MHC,2389603,2399603,10000,100,16384,2,0,2,42329,42329,0,16384,4575,0,1,25945,6227,29231,6.797655,1.448086,5.581000,108.248000,149.945000,347.490000,754.826000,2,178,5f5306feca5ab49a03c990170c527475bd6c49449f1927cb0d675ceb2ae11911,true,42.128773,105.386320,215.287733
fixed-window,fixed-w16k-zstd-3,random-10000-00006,random-10000,MHC-GRCh38,MHC,542027,552027,10000,100,16384,2,0,2,26755,26755,0,16384,4575,0,1,10371,4642,18725,5.763679,1.428838,5.412000,48.087000,49.600000,130.438000,259.738000,1,74,f16715bee2a56c8c2784af99f7d3f3693e22336065908aa9271549d1d35f9786,true,41.713467,104.140400,211.134667
fixed-window,fixed-w16k-zstd-3,random-10000-00007,random-10000,MHC-GRCh38,MHC,4185669,4195669,10000,100,16384,3,0,3,111073,111073,0,16384,4575,4089,1,90600,17607,128437,6.308457,0.864805,6.532000,523.451000,1691.245000,3244.180000,6296.836000,2,1170,85c69098d2911b7e6003d90847659c119df8a18e2207c8cdc3d72f5894d576c9,true,64.461947,161.885840,335.619467
fixed-window,fixed-w16k-zstd-3,random-10000-00008,random-10000,MHC-GRCh38,MHC,878649,888649,10000,100,16384,2,0,2,43442,43442,0,16384,4575,0,1,27058,5948,28208,7.303631,1.540060,8.312000,121.103000,195.497000,374.167000,879.019000,2,164,95cdd4c8198d0235b09b1deafd6a4b64e49fc7a45f14e067d1aa541b938b7d02,true,42.158453,105.475360,215.584533
fixed-window,fixed-w16k-zstd-3,random-10000-00009,random-10000,MHC-GRCh38,MHC,2541935,2551935,10000,100,16384,2,0,2,38768,38768,0,16384,4575,0,1,22384,9286,49198,4.174887,0.788000,5.656000,96.280000,237.151000,639.503000,1019.836000,1,378,eea2d4eb88aca6dcf6c4fe471c2c50678ad3c23800ae4b85272d58820810e48b,true,42.033813,105.101440,214.338133
fixed-window,fixed-w16k-zstd-3,random-100000-00000,random-100000,MHC-GRCh38,MHC,4262931,4362931,100000,100,16384,3,0,3,171265,171265,0,16384,7586,7100,2,147781,61376,393053,2.790423,0.435730,13.621000,612.781000,1425.231000,5168.675000,8502.535000,7,2892,befd5798f26d5c7b42d1717a5cfe86cf51b09dfc111ba1aae713cf80a449d48a,true,66.067067,166.701200,351.670667
fixed-window,fixed-w16k-zstd-3,random-100000-00001,random-100000,MHC-GRCh38,MHC,2031962,2131962,100000,100,16384,2,0,2,79911,79911,0,16384,4575,0,1,63527,39057,151055,2.046010,0.529019,7.318000,266.987000,210.651000,780.621000,1602.281000,7,485,298779b47caf6fb56cd3bae009a7b724d447714231d6ef5bba143d0ba0d62ae6,true,43.130960,108.392880,225.309600
fixed-window,fixed-w16k-zstd-3,random-100000-00002,random-100000,MHC-GRCh38,MHC,1080439,1180439,100000,100,16384,2,0,2,131224,131224,0,16384,4575,0,1,114840,48408,237229,2.710792,0.553153,6.265000,509.490000,923.037000,3167.942000,5712.867000,8,1338,919458d9233d10d96757b231e92f6f517dd5007403b91e944381979f638a151c,true,44.499307,112.497920,238.993067
fixed-window,fixed-w16k-zstd-3,random-100000-00003,random-100000,MHC-GRCh38,MHC,864953,964953,100000,100,16384,2,0,2,92645,92645,0,16384,8664,0,2,76261,43638,185678,2.123035,0.498955,13.979000,317.158000,381.574000,1321.990000,2517.939000,7,820,f6107225b0af1dcefff1164d0ebcc9060ac13a8f00bdd5973ebd3832eab8ae2c,true,43.470533,109.411600,228.705333
fixed-window,fixed-w16k-zstd-3,random-100000-00004,random-100000,MHC-GRCh38,MHC,4129708,4229708,100000,100,16384,3,0,3,406284,406284,0,16384,4575,4089,1,385811,166328,1664136,2.442668,0.244141,23.228000,2489.554000,8119.581000,34713.982000,53237.056000,7,15919,1386cc9557a3430593a42d82a4f8ee06e6ef3d3aaaeb97420f5ea050ab586a49,true,72.334240,185.502720,414.342400
fixed-window,fixed-w16k-zstd-3,random-100000-00005,random-100000,MHC-GRCh38,MHC,4502173,4602173,100000,100,16384,3,0,3,175980,175980,0,16384,3497,3011,1,156585,64568,469823,2.725499,0.374567,8.115000,695.316000,1804.669000,6805.827000,11384.980000,7,3665,7673b8a947f7fff0a7f89605e806df4c300c2c59ceb6140ecfed1f37f3ea8184,true,66.192800,167.078400,352.928000
fixed-window,fixed-w16k-zstd-3,random-100000-00006,random-100000,MHC-GRCh38,MHC,434533,534533,100000,100,16384,2,0,2,92096,92096,0,16384,4575,0,1,75712,42719,186899,2.155856,0.492758,7.485000,326.862000,376.760000,1373.839000,2607.834000,7,846,61b2ebdac5872792613dc1ff802aadbbd22e9c28c8ae067fffca0085d722305d,true,43.455893,109.367680,228.558933
fixed-window,fixed-w16k-zstd-3,random-100000-00007,random-100000,MHC-GRCh38,MHC,1813450,1913450,100000,100,16384,2,0,2,111325,111325,0,16384,4575,0,1,94941,49170,245093,2.264084,0.454215,34.632000,390.576000,631.686000,2368.087000,4166.581000,7,1420,5bd49a40268a771a3f3941b3cca19f2693e3d94f4fcc79f1781bff5a86d44474,true,43.968667,110.906000,233.686667
fixed-window,fixed-w16k-zstd-3,random-100000-00008,random-100000,MHC-GRCh38,MHC,898253,998253,100000,100,16384,2,0,2,83706,83706,0,16384,4575,0,1,67322,39780,147605,2.104223,0.567095,7.383000,280.409000,254.631000,759.781000,1582.178000,7,444,6f37807f43b3120ee8ab6e9d986088ca53183c089fd977eeb73eb6e3af745553,true,43.232160,108.696480,226.321600
fixed-window,fixed-w16k-zstd-3,random-100000-00009,random-100000,MHC-GRCh38,MHC,4231710,4331710,100000,100,16384,3,0,3,184930,184930,0,16384,4575,4089,1,164457,66193,442213,2.793800,0.418192,7.886000,690.105000,1696.791000,6133.315000,10200.806000,7,3379,ac378f0e421356116b75697d2300397d66eeff26cd5a6fcf9dee9f4791e9514a,true,66.431467,167.794400,355.314667
fixed-window,fixed-w16k-zstd-3,random-1000000-00000,random-1000000,MHC-GRCh38,MHC,994225,1994225,1000000,100,16384,2,0,2,1104180,1104180,0,16384,8664,0,2,1087796,548894,3443303,2.011645,0.320675,13.197000,4927.751000,10700.407000,52866.820000,83040.420000,62,24980,e039d704c358bca65f992eff31cc093af09a0746282cd90f67eb0127375fd4ea,true,70.444800,190.334400,498.448000
fixed-window,fixed-w16k-zstd-3,random-1000000-00001,random-1000000,MHC-GRCh38,MHC,3053916,4053916,1000000,100,16384,3,1,3,1256757,1256757,0,16384,8664,4547,2,1235826,596076,4205164,2.108384,0.298860,16.077000,6341.741000,16269.858000,73717.897000,118181.745000,62,33451,02b0cd494e49d7daad9c061e26bd5f30875e890011b40319ac8385b03468adb0,true,95.013520,253.540560,641.135200
fixed-window,fixed-w16k-zstd-3,random-1000000-00002,random-1000000,MHC-GRCh38,MHC,3662178,4662178,1000000,100,16384,3,0,3,2111837,2111837,0,16384,7586,7100,2,2088353,995745,8344254,2.120861,0.253089,17.023000,11963.450000,34911.224000,170578.580000,265814.772000,62,75875,9f2f534dbeb6bc19fdb0aaddd7dcbbbf12f3244522db2b99cc0005bf57dcd7ca,true,117.815653,321.946960,869.156533
fixed-window,fixed-w16k-zstd-3,random-1000000-00003,random-1000000,MHC-GRCh38,MHC,1664410,2664410,1000000,100,16384,3,1,3,886117,886117,0,16384,12753,458,3,869275,463364,2504865,1.912356,0.353758,23.149000,3647.614000,6492.625000,31511.210000,50578.458000,62,14806,503b4b8eeb4d6b89896360d25d9cf284431c6fb57279fa10a6bb4e837333cb36,true,85.129787,223.889360,542.297867
fixed-window,fixed-w16k-zstd-3,random-1000000-00004,random-1000000,MHC-GRCh38,MHC,3882446,4882446,1000000,100,16384,3,0,3,2018545,2018545,0,16384,7586,7100,2,1995061,939090,7930076,2.149469,0.254543,15.753000,11274.542000,33197.812000,160306.941000,250469.908000,63,71788,6ee89cfcacf1b33a3922fb060df2a2c6eecf14744ab9c8e57fa06c90b10c8a7f,true,115.327867,314.483600,844.278667
fixed-window,fixed-w16k-zstd-3,random-1000000-00005,random-1000000,MHC-GRCh38,MHC,3946668,4946668,1000000,100,16384,3,0,3,1937040,1937040,0,16384,7586,7100,2,1913556,910125,7639916,2.128323,0.253542,16.672000,10891.988000,32023.315000,154391.533000,240689.065000,62,68872,6ecc17a43d30f9682e54af7859498a82e49e925f11120bc92457d41d4a96b4fb,true,113.154400,307.963200,822.544000
fixed-window,fixed-w16k-zstd-3,random-1000000-00006,random-1000000,MHC-GRCh38,MHC,2514903,3514903,1000000,100,16384,3,1,3,1301055,1301055,0,16384,12753,4547,3,1280124,637041,4331859,2.042341,0.300346,22.687000,6223.534000,15329.081000,72896.487000,115054.216000,62,33702,2eaba3ded88cbe0bc539b52cc4ebadfc160b0a7a4c53da1cee26f31fdc1fbb0a,true,96.194800,257.084400,652.948000
fixed-window,fixed-w16k-zstd-3,random-1000000-00007,random-1000000,MHC-GRCh38,MHC,1441302,2441302,1000000,100,16384,2,0,2,891486,891486,0,16384,8664,0,2,875102,443056,2355194,2.012129,0.378519,13.466000,3727.798000,6692.539000,29120.492000,47876.997000,63,13330,7fb2f354d42e738dc73f6f3403e942f8e5039fe5e0b6cceac898af8d2a410cd1,true,64.772960,173.318880,441.729600
fixed-window,fixed-w16k-zstd-3,random-1000000-00008,random-1000000,MHC-GRCh38,MHC,3577106,4577106,1000000,100,16384,3,0,3,2049210,2049210,0,16384,7586,7100,2,2025726,967310,8107664,2.118463,0.252750,16.232000,11416.549000,33651.253000,165446.445000,257770.475000,62,73514,02fbe6e2d39e65f22196b639408caf4958d8e64401b51b4c559fdb2358a04813,true,116.145600,316.936800,852.456000
fixed-window,fixed-w16k-zstd-3,random-1000000-00009,random-1000000,MHC-GRCh38,MHC,3789056,4789056,1000000,100,16384,3,0,3,2060188,2060188,0,16384,7586,7100,2,2036704,971558,8161676,2.120499,0.252422,17.301000,11439.506000,33544.082000,167241.709000,258702.614000,62,74064,c242949d8abb5b783df011e87a4db1ed019295ff1ca51b4af5982090d03ce42c,true,116.438347,317.815040,855.383467
fixed-window,fixed-w16k-zstd-3,random-1000-00000,random-1000,MHC-GRCh38,MHC,2654244,2655244,1000,100,65536,3,1,3,39112,39112,0,16384,4575,458,1,22270,1094,4386,35.751371,8.917465,10.168000,100.258000,281.280000,265.549000,998.388000,1,20,7023756c327dfc42cc748fd0c699aba076a4fdd6e782fc68c4f9317650d78d1f,true,62.542987,156.128960,316.429867
fixed-window,fixed-w16k-zstd-3,random-1000-00001,random-1000,MHC-GRCh38,MHC,4897918,4898918,1000,100,65536,3,0,3,37240,37240,0,16384,3497,3011,1,17845,1143,3724,32.580927,10.000000,5.149000,74.221000,49.788000,56.800000,239.088000,2,5,0f3e26b2367cd8c927e3fcc74784b7c68afda5a708cdf28af6c3d6753b64b953,true,62.493067,155.979200,315.930667
fixed-window,fixed-w16k-zstd-3,random-1000-00002,random-1000,MHC-GRCh38,MHC,1758423,1759423,1000,100,65536,2,0,2,28048,28048,0,16384,4575,0,1,11664,791,2881,35.458913,9.735509,15.036000,48.893000,56.182000,73.514000,213.837000,1,10,133fa0ebf1ed0843979635624467ecf79c6e162da236230f9bf2e6239a2b732e,true,41.747947,104.243840,211.479467
fixed-window,fixed-w16k-zstd-3,random-1000-00003,random-1000,MHC-GRCh38,MHC,3202374,3203374,1000,100,65536,3,1,3,26869,26869,0,16384,4575,458,1,10027,1031,3465,26.061106,7.754401,5.834000,40.934000,36.243000,44.547000,144.880000,1,5,a206c9ece5e07726bb5b39e6657386c6246a99f8a3ab498cc78130719bfc8341,true,62.216507,155.149520,313.165067
fixed-window,fixed-w16k-zstd-3,random-1000-00004,random-1000,MHC-GRCh38,MHC,1529093,1530093,1000,100,65536,2,0,2,31418,31418,0,16384,4575,0,1,15034,801,2774,39.223471,11.325883,5.075000,61.485000,111.406000,109.802000,305.845000,1,7,9eeefc2c27475e650e4092df95a3b58017919691e0a971867d5f0c4f1d41b4a7,true,41.837813,104.513440,212.378133
fixed-window,fixed-w16k-zstd-3,random-1000-00005,random-1000,MHC-GRCh38,MHC,999079,1000079,1000,100,65536,2,0,2,38522,38522,0,16384,4575,0,1,22138,959,4021,40.168926,9.580204,4.960000,89.108000,103.536000,131.887000,425.089000,2,19,1a08adc0028aaf4bf93c8c4778378eb76cf8c8cbbb782f9c0496f0ac41df5129,true,42.027253,105.081760,214.272533
fixed-window,fixed-w16k-zstd-3,random-1000-00006,random-1000,MHC-GRCh38,MHC,4410732,4411732,1000,100,65536,3,0,3,29650,29650,0,16384,3497,3011,1,10255,752,2710,39.428191,10.940959,4.802000,41.846000,41.029000,51.621000,160.655000,1,7,094f362cd65ffce3015be03603ec8e8c1ed6dcf943f687870ebde814eca7e69b,true,62.290667,155.372000,313.906667
fixed-window,fixed-w16k-zstd-3,random-1000-00007,random-1000,MHC-GRCh38,MHC,2388877,2389877,1000,100,65536,2,0,2,27770,27770,0,16384,4575,0,1,11386,838,2947,33.138425,9.423142,5.419000,45.565000,52.520000,59.620000,178.920000,1,7,b4a99b0d35f06ec587a0c4126c82f9477599b85bd0802556fd4e43d6d4593233,true,41.740533,104.221600,211.405333
fixed-window,fixed-w16k-zstd-3,random-1000-00008,random-1000,MHC-GRCh38,MHC,844767,845767,1000,100,65536,2,0,2,25521,25521,0,16384,4575,0,1,9137,800,3007,31.901250,8.487197,5.306000,37.748000,25.336000,37.210000,123.608000,1,10,ca775f09bf2a4a71b20e212b071ec8184f09136e111d888201e742f942c3a638,true,41.680560,104.041680,210.805600
fixed-window,fixed-w16k-zstd-3,random-1000-00009,random-1000,MHC-GRCh38,MHC,3227097,3228097,1000,100,65536,3,1,3,35572,35572,0,16384,4575,458,1,18730,763,2531,46.621232,14.054524,5.616000,76.977000,60.801000,73.795000,281.466000,2,4,0255a889f5167fbf3a955d8155ad751b4570581dfb0e9bc2cdea6ae7ea4670ac,true,62.448587,155.845760,315.485867
fixed-window,fixed-w16k-zstd-3,random-10000-00000,random-10000,MHC-GRCh38,MHC,3078533,3088533,10000,100,65536,3,1,3,37102,37102,0,16384,4575,458,1,20260,4813,21433,7.708706,1.731069,5.564000,83.182000,83.555000,202.688000,461.323000,2,97,dc43b95c88885288ca814cae4378ab3fb571c5e1dfea4d8ed03d04722fc4c29b,true,62.489387,155.968160,315.893867
fixed-window,fixed-w16k-zstd-3,random-10000-00001,random-10000,MHC-GRCh38,MHC,2465757,2475757,10000,100,65536,2,0,2,51154,51154,0,16384,4575,0,1,34770,5821,27047,8.787837,1.891300,5.090000,143.558000,291.535000,508.076000,1172.988000,2,160,20b86cc9f9e11e316321a49147f44632b0f28c77313432f361cefe6f65278e65,true,42.364107,106.092320,217.641067
fixed-window,fixed-w16k-zstd-3,random-10000-00002,random-10000,MHC-GRCh38,MHC,3576984,3586984,10000,100,65536,3,0,3,29860,29860,0,16384,4575,4089,1,9387,4485,17036,6.657748,1.752759,7.062000,38.791000,29.198000,85.963000,184.408000,1,57,7ee3b0bc227b0aa52897233ba7938e446f7c63d6ba45d9436bf4d1b4f86372fd,true,62.296267,155.388800,313.962667
fixed-window,fixed-w16k-zstd-3,random-10000-00003,random-10000,MHC-GRCh38,MHC,3405920,3415920,10000,100,65536,3,1,3,34316,34316,0,16384,4575,458,1,17474,4059,14667,8.454299,2.339674,5.785000,73.777000,52.762000,93.182000,274.719000,2,33,e3d68b87ffccb4b800e2d33eb61b5ead880093fa6e7acc844608a79084deae1e,true,62.415093,155.745280,315.150933
fixed-window,fixed-w16k-zstd-3,random-10000-00004,random-10000,MHC-GRCh38,MHC,292664,302664,10000,100,65536,2,0,2,45879,45879,0,16384,4575,0,1,29495,6119,30494,7.497794,1.504525,5.316000,122.640000,212.053000,429.225000,915.623000,2,191,c92e8dfca12914199b3963cd6ef7b4a904faf713b505df888eeec6cf7c1fbae3,true,42.223440,105.670320,216.234400
fixed-window,fixed-w16k-zstd-3,random-10000-00005,random-10000,MHC-GRCh38,MHC,2389603,2399603,10000,100,65536,2,0,2,42329,42329,0,16384,4575,0,1,25945,6227,29231,6.797655,1.448086,5.506000,104.482000,148.702000,351.862000,754.789000,2,178,5f5306feca5ab49a03c990170c527475bd6c49449f1927cb0d675ceb2ae11911,true,42.128773,105.386320,215.287733
fixed-window,fixed-w16k-zstd-3,random-10000-00006,random-10000,MHC-GRCh38,MHC,542027,552027,10000,100,65536,2,0,2,26755,26755,0,16384,4575,0,1,10371,4642,18725,5.763679,1.428838,5.392000,43.738000,48.764000,129.597000,255.157000,1,74,f16715bee2a56c8c2784af99f7d3f3693e22336065908aa9271549d1d35f9786,true,41.713467,104.140400,211.134667
fixed-window,fixed-w16k-zstd-3,random-10000-00007,random-10000,MHC-GRCh38,MHC,4185669,4195669,10000,100,65536,3,0,3,111073,111073,0,16384,4575,4089,1,90600,17607,128437,6.308457,0.864805,6.337000,522.475000,1695.695000,3236.992000,6300.697000,2,1170,85c69098d2911b7e6003d90847659c119df8a18e2207c8cdc3d72f5894d576c9,true,64.461947,161.885840,335.619467
fixed-window,fixed-w16k-zstd-3,random-10000-00008,random-10000,MHC-GRCh38,MHC,878649,888649,10000,100,65536,2,0,2,43442,43442,0,16384,4575,0,1,27058,5948,28208,7.303631,1.540060,31.489000,116.970000,194.128000,375.859000,872.571000,2,164,95cdd4c8198d0235b09b1deafd6a4b64e49fc7a45f14e067d1aa541b938b7d02,true,42.158453,105.475360,215.584533
fixed-window,fixed-w16k-zstd-3,random-10000-00009,random-10000,MHC-GRCh38,MHC,2541935,2551935,10000,100,65536,2,0,2,38768,38768,0,16384,4575,0,1,22384,9286,49198,4.174887,0.788000,5.657000,97.206000,237.950000,638.495000,1018.687000,1,378,eea2d4eb88aca6dcf6c4fe471c2c50678ad3c23800ae4b85272d58820810e48b,true,42.033813,105.101440,214.338133
fixed-window,fixed-w16k-zstd-3,random-100000-00000,random-100000,MHC-GRCh38,MHC,4262931,4362931,100000,100,65536,3,0,3,171265,171265,0,16384,7586,7100,2,147781,61376,393053,2.790423,0.435730,13.205000,621.104000,1438.067000,5134.861000,8504.932000,7,2892,befd5798f26d5c7b42d1717a5cfe86cf51b09dfc111ba1aae713cf80a449d48a,true,66.067067,166.701200,351.670667
fixed-window,fixed-w16k-zstd-3,random-100000-00001,random-100000,MHC-GRCh38,MHC,2031962,2131962,100000,100,65536,2,0,2,79911,79911,0,16384,4575,0,1,63527,39057,151055,2.046010,0.529019,7.500000,270.930000,214.322000,793.302000,1623.248000,7,485,298779b47caf6fb56cd3bae009a7b724d447714231d6ef5bba143d0ba0d62ae6,true,43.130960,108.392880,225.309600
fixed-window,fixed-w16k-zstd-3,random-100000-00002,random-100000,MHC-GRCh38,MHC,1080439,1180439,100000,100,65536,2,0,2,131224,131224,0,16384,4575,0,1,114840,48408,237229,2.710792,0.553153,6.440000,512.599000,940.277000,2651.723000,5233.646000,8,1338,919458d9233d10d96757b231e92f6f517dd5007403b91e944381979f638a151c,true,44.499307,112.497920,238.993067
fixed-window,fixed-w16k-zstd-3,random-100000-00003,random-100000,MHC-GRCh38,MHC,864953,964953,100000,100,65536,2,0,2,92645,92645,0,16384,8664,0,2,76261,43638,185678,2.123035,0.498955,17.693000,315.603000,375.102000,1319.427000,2494.233000,7,820,f6107225b0af1dcefff1164d0ebcc9060ac13a8f00bdd5973ebd3832eab8ae2c,true,43.470533,109.411600,228.705333
fixed-window,fixed-w16k-zstd-3,random-100000-00004,random-100000,MHC-GRCh38,MHC,4129708,4229708,100000,100,65536,3,0,3,406284,406284,0,16384,4575,4089,1,385811,166328,1664136,2.442668,0.244141,28.994000,2495.292000,8100.066000,33568.884000,52081.723000,7,15919,1386cc9557a3430593a42d82a4f8ee06e6ef3d3aaaeb97420f5ea050ab586a49,true,72.334240,185.502720,414.342400
fixed-window,fixed-w16k-zstd-3,random-100000-00005,random-100000,MHC-GRCh38,MHC,4502173,4602173,100000,100,65536,3,0,3,175980,175980,0,16384,3497,3011,1,156585,64568,469823,2.725499,0.374567,8.146000,701.565000,1822.122000,6466.641000,11078.058000,7,3665,7673b8a947f7fff0a7f89605e806df4c300c2c59ceb6140ecfed1f37f3ea8184,true,66.192800,167.078400,352.928000
fixed-window,fixed-w16k-zstd-3,random-100000-00006,random-100000,MHC-GRCh38,MHC,434533,534533,100000,100,65536,2,0,2,92096,92096,0,16384,4575,0,1,75712,42719,186899,2.155856,0.492758,7.789000,315.033000,379.613000,1387.248000,2598.238000,7,846,61b2ebdac5872792613dc1ff802aadbbd22e9c28c8ae067fffca0085d722305d,true,43.455893,109.367680,228.558933
fixed-window,fixed-w16k-zstd-3,random-100000-00007,random-100000,MHC-GRCh38,MHC,1813450,1913450,100000,100,65536,2,0,2,111325,111325,0,16384,4575,0,1,94941,49170,245093,2.264084,0.454215,7.533000,390.282000,626.707000,2382.048000,4176.495000,7,1420,5bd49a40268a771a3f3941b3cca19f2693e3d94f4fcc79f1781bff5a86d44474,true,43.968667,110.906000,233.686667
fixed-window,fixed-w16k-zstd-3,random-100000-00008,random-100000,MHC-GRCh38,MHC,898253,998253,100000,100,65536,2,0,2,83706,83706,0,16384,4575,0,1,67322,39780,147605,2.104223,0.567095,31.599000,281.889000,258.803000,758.197000,1584.878000,7,444,6f37807f43b3120ee8ab6e9d986088ca53183c089fd977eeb73eb6e3af745553,true,43.232160,108.696480,226.321600
fixed-window,fixed-w16k-zstd-3,random-100000-00009,random-100000,MHC-GRCh38,MHC,4231710,4331710,100000,100,65536,3,0,3,184930,184930,0,16384,4575,4089,1,164457,66193,442213,2.793800,0.418192,8.046000,695.833000,1700.506000,6092.181000,10187.521000,7,3379,ac378f0e421356116b75697d2300397d66eeff26cd5a6fcf9dee9f4791e9514a,true,66.431467,167.794400,355.314667
fixed-window,fixed-w16k-zstd-3,random-1000000-00000,random-1000000,MHC-GRCh38,MHC,994225,1994225,1000000,100,65536,2,0,2,1104180,1104180,0,16384,8664,0,2,1087796,548894,3443303,2.011645,0.320675,14.271000,4883.723000,10741.864000,53026.783000,83112.836000,62,24980,e039d704c358bca65f992eff31cc093af09a0746282cd90f67eb0127375fd4ea,true,70.444800,190.334400,498.448000
fixed-window,fixed-w16k-zstd-3,random-1000000-00001,random-1000000,MHC-GRCh38,MHC,3053916,4053916,1000000,100,65536,3,1,3,1256757,1256757,0,16384,8664,4547,2,1235826,596076,4205164,2.108384,0.298860,15.217000,6381.251000,16153.064000,74030.996000,118183.658000,62,33451,02b0cd494e49d7daad9c061e26bd5f30875e890011b40319ac8385b03468adb0,true,95.013520,253.540560,641.135200
fixed-window,fixed-w16k-zstd-3,random-1000000-00002,random-1000000,MHC-GRCh38,MHC,3662178,4662178,1000000,100,65536,3,0,3,2111837,2111837,0,16384,7586,7100,2,2088353,995745,8344254,2.120861,0.253089,15.884000,11805.785000,34554.486000,172513.256000,267150.526000,62,75875,9f2f534dbeb6bc19fdb0aaddd7dcbbbf12f3244522db2b99cc0005bf57dcd7ca,true,117.815653,321.946960,869.156533
fixed-window,fixed-w16k-zstd-3,random-1000000-00003,random-1000000,MHC-GRCh38,MHC,1664410,2664410,1000000,100,65536,3,1,3,886117,886117,0,16384,12753,458,3,869275,463364,2504865,1.912356,0.353758,21.249000,3662.761000,6655.121000,32279.921000,51631.280000,62,14806,503b4b8eeb4d6b89896360d25d9cf284431c6fb57279fa10a6bb4e837333cb36,true,85.129787,223.889360,542.297867
fixed-window,fixed-w16k-zstd-3,random-1000000-00004,random-1000000,MHC-GRCh38,MHC,3882446,4882446,1000000,100,65536,3,0,3,2018545,2018545,0,16384,7586,7100,2,1995061,939090,7930076,2.149469,0.254543,15.175000,11391.153000,33255.468000,164751.786000,255924.933000,63,71788,6ee89cfcacf1b33a3922fb060df2a2c6eecf14744ab9c8e57fa06c90b10c8a7f,true,115.327867,314.483600,844.278667
fixed-window,fixed-w16k-zstd-3,random-1000000-00005,random-1000000,MHC-GRCh38,MHC,3946668,4946668,1000000,100,65536,3,0,3,1937040,1937040,0,16384,7586,7100,2,1913556,910125,7639916,2.128323,0.253542,15.345000,10888.643000,31785.001000,157758.864000,243548.506000,62,68872,6ecc17a43d30f9682e54af7859498a82e49e925f11120bc92457d41d4a96b4fb,true,113.154400,307.963200,822.544000
fixed-window,fixed-w16k-zstd-3,random-1000000-00006,random-1000000,MHC-GRCh38,MHC,2514903,3514903,1000000,100,65536,3,1,3,1301055,1301055,0,16384,12753,4547,3,1280124,637041,4331859,2.042341,0.300346,21.880000,6269.592000,15415.335000,73991.501000,116351.442000,62,33702,2eaba3ded88cbe0bc539b52cc4ebadfc160b0a7a4c53da1cee26f31fdc1fbb0a,true,96.194800,257.084400,652.948000
fixed-window,fixed-w16k-zstd-3,random-1000000-00007,random-1000000,MHC-GRCh38,MHC,1441302,2441302,1000000,100,65536,2,0,2,891486,891486,0,16384,8664,0,2,875102,443056,2355194,2.012129,0.378519,13.643000,3742.785000,6820.720000,29294.097000,48434.121000,63,13330,7fb2f354d42e738dc73f6f3403e942f8e5039fe5e0b6cceac898af8d2a410cd1,true,64.772960,173.318880,441.729600
fixed-window,fixed-w16k-zstd-3,random-1000000-00008,random-1000000,MHC-GRCh38,MHC,3577106,4577106,1000000,100,65536,3,0,3,2049210,2049210,0,16384,7586,7100,2,2025726,967310,8107664,2.118463,0.252750,15.863000,11498.305000,33661.219000,164814.850000,256743.377000,62,73514,02fbe6e2d39e65f22196b639408caf4958d8e64401b51b4c559fdb2358a04813,true,116.145600,316.936800,852.456000
fixed-window,fixed-w16k-zstd-3,random-1000000-00009,random-1000000,MHC-GRCh38,MHC,3789056,4789056,1000000,100,65536,3,0,3,2060188,2060188,0,16384,7586,7100,2,2036704,971558,8161676,2.120499,0.252422,16.901000,11418.382000,33762.108000,165818.667000,257553.904000,62,74064,c242949d8abb5b783df011e87a4db1ed019295ff1ca51b4af5982090d03ce42c,true,116.438347,317.815040,855.383467
fixed-window,fixed-w16k-zstd-3,random-1000-00000,random-1000,MHC-GRCh38,MHC,2654244,2655244,1000,100,262144,3,1,3,39112,39112,0,16384,4575,458,1,22270,1094,4386,35.751371,8.917465,9.246000,103.563000,276.524000,265.033000,981.347000,1,20,7023756c327dfc42cc748fd0c699aba076a4fdd6e782fc68c4f9317650d78d1f,true,62.542987,156.128960,316.429867
fixed-window,fixed-w16k-zstd-3,random-1000-00001,random-1000,MHC-GRCh38,MHC,4897918,4898918,1000,100,262144,3,0,3,37240,37240,0,16384,3497,3011,1,17845,1143,3724,32.580927,10.000000,5.415000,74.363000,49.430000,56.908000,240.737000,2,5,0f3e26b2367cd8c927e3fcc74784b7c68afda5a708cdf28af6c3d6753b64b953,true,62.493067,155.979200,315.930667
fixed-window,fixed-w16k-zstd-3,random-1000-00002,random-1000,MHC-GRCh38,MHC,1758423,1759423,1000,100,262144,2,0,2,28048,28048,0,16384,4575,0,1,11664,791,2881,35.458913,9.735509,5.379000,47.536000,56.663000,73.583000,202.914000,1,10,133fa0ebf1ed0843979635624467ecf79c6e162da236230f9bf2e6239a2b732e,true,41.747947,104.243840,211.479467
fixed-window,fixed-w16k-zstd-3,random-1000-00003,random-1000,MHC-GRCh38,MHC,3202374,3203374,1000,100,262144,3,1,3,26869,26869,0,16384,4575,458,1,10027,1031,3465,26.061106,7.754401,5.848000,41.451000,36.129000,44.189000,144.657000,1,5,a206c9ece5e07726bb5b39e6657386c6246a99f8a3ab498cc78130719bfc8341,true,62.216507,155.149520,313.165067
fixed-window,fixed-w16k-zstd-3,random-1000-00004,random-1000,MHC-GRCh38,MHC,1529093,1530093,1000,100,262144,2,0,2,31418,31418,0,16384,4575,0,1,15034,801,2774,39.223471,11.325883,5.061000,61.002000,107.089000,110.611000,300.922000,1,7,9eeefc2c27475e650e4092df95a3b58017919691e0a971867d5f0c4f1d41b4a7,true,41.837813,104.513440,212.378133
fixed-window,fixed-w16k-zstd-3,random-1000-00005,random-1000,MHC-GRCh38,MHC,999079,1000079,1000,100,262144,2,0,2,38522,38522,0,16384,4575,0,1,22138,959,4021,40.168926,9.580204,4.962000,89.783000,105.984000,130.925000,428.739000,2,19,1a08adc0028aaf4bf93c8c4778378eb76cf8c8cbbb782f9c0496f0ac41df5129,true,42.027253,105.081760,214.272533
fixed-window,fixed-w16k-zstd-3,random-1000-00006,random-1000,MHC-GRCh38,MHC,4410732,4411732,1000,100,262144,3,0,3,29650,29650,0,16384,3497,3011,1,10255,752,2710,39.428191,10.940959,4.746000,41.616000,40.729000,51.163000,159.474000,1,7,094f362cd65ffce3015be03603ec8e8c1ed6dcf943f687870ebde814eca7e69b,true,62.290667,155.372000,313.906667
fixed-window,fixed-w16k-zstd-3,random-1000-00007,random-1000,MHC-GRCh38,MHC,2388877,2389877,1000,100,262144,2,0,2,27770,27770,0,16384,4575,0,1,11386,838,2947,33.138425,9.423142,5.220000,45.155000,47.554000,57.960000,171.818000,1,7,b4a99b0d35f06ec587a0c4126c82f9477599b85bd0802556fd4e43d6d4593233,true,41.740533,104.221600,211.405333
fixed-window,fixed-w16k-zstd-3,random-1000-00008,random-1000,MHC-GRCh38,MHC,844767,845767,1000,100,262144,2,0,2,25521,25521,0,16384,4575,0,1,9137,800,3007,31.901250,8.487197,4.954000,37.123000,24.853000,36.804000,119.534000,1,10,ca775f09bf2a4a71b20e212b071ec8184f09136e111d888201e742f942c3a638,true,41.680560,104.041680,210.805600
fixed-window,fixed-w16k-zstd-3,random-1000-00009,random-1000,MHC-GRCh38,MHC,3227097,3228097,1000,100,262144,3,1,3,35572,35572,0,16384,4575,458,1,18730,763,2531,46.621232,14.054524,5.682000,81.309000,59.919000,73.635000,285.043000,2,4,0255a889f5167fbf3a955d8155ad751b4570581dfb0e9bc2cdea6ae7ea4670ac,true,62.448587,155.845760,315.485867
fixed-window,fixed-w16k-zstd-3,random-10000-00000,random-10000,MHC-GRCh38,MHC,3078533,3088533,10000,100,262144,3,1,3,37102,37102,0,16384,4575,458,1,20260,4813,21433,7.708706,1.731069,6.067000,83.091000,83.530000,200.779000,458.179000,2,97,dc43b95c88885288ca814cae4378ab3fb571c5e1dfea4d8ed03d04722fc4c29b,true,62.489387,155.968160,315.893867
fixed-window,fixed-w16k-zstd-3,random-10000-00001,random-10000,MHC-GRCh38,MHC,2465757,2475757,10000,100,262144,2,0,2,51154,51154,0,16384,4575,0,1,34770,5821,27047,8.787837,1.891300,5.138000,143.789000,295.764000,503.795000,1171.967000,2,160,20b86cc9f9e11e316321a49147f44632b0f28c77313432f361cefe6f65278e65,true,42.364107,106.092320,217.641067
fixed-window,fixed-w16k-zstd-3,random-10000-00002,random-10000,MHC-GRCh38,MHC,3576984,3586984,10000,100,262144,3,0,3,29860,29860,0,16384,4575,4089,1,9387,4485,17036,6.657748,1.752759,6.827000,38.584000,28.893000,86.277000,184.156000,1,57,7ee3b0bc227b0aa52897233ba7938e446f7c63d6ba45d9436bf4d1b4f86372fd,true,62.296267,155.388800,313.962667
fixed-window,fixed-w16k-zstd-3,random-10000-00003,random-10000,MHC-GRCh38,MHC,3405920,3415920,10000,100,262144,3,1,3,34316,34316,0,16384,4575,458,1,17474,4059,14667,8.454299,2.339674,5.803000,74.135000,52.448000,93.222000,272.139000,2,33,e3d68b87ffccb4b800e2d33eb61b5ead880093fa6e7acc844608a79084deae1e,true,62.415093,155.745280,315.150933
fixed-window,fixed-w16k-zstd-3,random-10000-00004,random-10000,MHC-GRCh38,MHC,292664,302664,10000,100,262144,2,0,2,45879,45879,0,16384,4575,0,1,29495,6119,30494,7.497794,1.504525,5.310000,122.302000,210.532000,425.937000,909.016000,2,191,c92e8dfca12914199b3963cd6ef7b4a904faf713b505df888eeec6cf7c1fbae3,true,42.223440,105.670320,216.234400
fixed-window,fixed-w16k-zstd-3,random-10000-00005,random-10000,MHC-GRCh38,MHC,2389603,2399603,10000,100,262144,2,0,2,42329,42329,0,16384,4575,0,1,25945,6227,29231,6.797655,1.448086,5.459000,104.003000,146.821000,350.676000,750.421000,2,178,5f5306feca5ab49a03c990170c527475bd6c49449f1927cb0d675ceb2ae11911,true,42.128773,105.386320,215.287733
fixed-window,fixed-w16k-zstd-3,random-10000-00006,random-10000,MHC-GRCh38,MHC,542027,552027,10000,100,262144,2,0,2,26755,26755,0,16384,4575,0,1,10371,4642,18725,5.763679,1.428838,5.762000,44.002000,49.161000,143.828000,269.904000,1,74,f16715bee2a56c8c2784af99f7d3f3693e22336065908aa9271549d1d35f9786,true,41.713467,104.140400,211.134667
fixed-window,fixed-w16k-zstd-3,random-10000-00007,random-10000,MHC-GRCh38,MHC,4185669,4195669,10000,100,262144,3,0,3,111073,111073,0,16384,4575,4089,1,90600,17607,128437,6.308457,0.864805,6.627000,543.806000,1865.579000,3737.458000,7122.978000,2,1170,85c69098d2911b7e6003d90847659c119df8a18e2207c8cdc3d72f5894d576c9,true,64.461947,161.885840,335.619467
fixed-window,fixed-w16k-zstd-3,random-10000-00008,random-10000,MHC-GRCh38,MHC,878649,888649,10000,100,262144,2,0,2,43442,43442,0,16384,4575,0,1,27058,5948,28208,7.303631,1.540060,7.797000,123.362000,205.583000,400.697000,954.275000,2,164,95cdd4c8198d0235b09b1deafd6a4b64e49fc7a45f14e067d1aa541b938b7d02,true,42.158453,105.475360,215.584533
fixed-window,fixed-w16k-zstd-3,random-10000-00009,random-10000,MHC-GRCh38,MHC,2541935,2551935,10000,100,262144,2,0,2,38768,38768,0,16384,4575,0,1,22384,9286,49198,4.174887,0.788000,6.065000,98.190000,240.559000,657.434000,1042.634000,1,378,eea2d4eb88aca6dcf6c4fe471c2c50678ad3c23800ae4b85272d58820810e48b,true,42.033813,105.101440,214.338133
fixed-window,fixed-w16k-zstd-3,random-100000-00000,random-100000,MHC-GRCh38,MHC,4262931,4362931,100000,100,262144,3,0,3,171265,171265,0,16384,7586,7100,2,147781,61376,393053,2.790423,0.435730,16.070000,625.895000,1496.539000,5465.995000,8917.457000,7,2892,befd5798f26d5c7b42d1717a5cfe86cf51b09dfc111ba1aae713cf80a449d48a,true,66.067067,166.701200,351.670667
fixed-window,fixed-w16k-zstd-3,random-100000-00001,random-100000,MHC-GRCh38,MHC,2031962,2131962,100000,100,262144,2,0,2,79911,79911,0,16384,4575,0,1,63527,39057,151055,2.046010,0.529019,6.981000,268.943000,218.093000,793.077000,1630.241000,7,485,298779b47caf6fb56cd3bae009a7b724d447714231d6ef5bba143d0ba0d62ae6,true,43.130960,108.392880,225.309600
fixed-window,fixed-w16k-zstd-3,random-100000-00002,random-100000,MHC-GRCh38,MHC,1080439,1180439,100000,100,262144,2,0,2,131224,131224,0,16384,4575,0,1,114840,48408,237229,2.710792,0.553153,6.140000,510.535000,923.663000,2695.982000,5293.902000,8,1338,919458d9233d10d96757b231e92f6f517dd5007403b91e944381979f638a151c,true,44.499307,112.497920,238.993067
fixed-window,fixed-w16k-zstd-3,random-100000-00003,random-100000,MHC-GRCh38,MHC,864953,964953,100000,100,262144,2,0,2,92645,92645,0,16384,8664,0,2,76261,43638,185678,2.123035,0.498955,12.001000,317.287000,376.230000,1327.336000,2524.848000,7,820,f6107225b0af1dcefff1164d0ebcc9060ac13a8f00bdd5973ebd3832eab8ae2c,true,43.470533,109.411600,228.705333
fixed-window,fixed-w16k-zstd-3,random-100000-00004,random-100000,MHC-GRCh38,MHC,4129708,4229708,100000,100,262144,3,0,3,406284,406284,0,16384,4575,4089,1,385811,166328,1664136,2.442668,0.244141,8.053000,2483.944000,8136.886000,34973.344000,53609.471000,7,15919,1386cc9557a3430593a42d82a4f8ee06e6ef3d3aaaeb97420f5ea050ab586a49,true,72.334240,185.502720,414.342400
fixed-window,fixed-w16k-zstd-3,random-100000-00005,random-100000,MHC-GRCh38,MHC,4502173,4602173,100000,100,262144,3,0,3,175980,175980,0,16384,3497,3011,1,156585,64568,469823,2.725499,0.374567,7.873000,699.157000,1812.040000,6627.020000,11234.051000,7,3665,7673b8a947f7fff0a7f89605e806df4c300c2c59ceb6140ecfed1f37f3ea8184,true,66.192800,167.078400,352.928000
fixed-window,fixed-w16k-zstd-3,random-100000-00006,random-100000,MHC-GRCh38,MHC,434533,534533,100000,100,262144,2,0,2,92096,92096,0,16384,4575,0,1,75712,42719,186899,2.155856,0.492758,8.568000,319.143000,405.786000,1442.863000,2728.601000,7,846,61b2ebdac5872792613dc1ff802aadbbd22e9c28c8ae067fffca0085d722305d,true,43.455893,109.367680,228.558933
fixed-window,fixed-w16k-zstd-3,random-100000-00007,random-100000,MHC-GRCh38,MHC,1813450,1913450,100000,100,262144,2,0,2,111325,111325,0,16384,4575,0,1,94941,49170,245093,2.264084,0.454215,6.917000,400.998000,634.066000,2382.986000,4209.094000,7,1420,5bd49a40268a771a3f3941b3cca19f2693e3d94f4fcc79f1781bff5a86d44474,true,43.968667,110.906000,233.686667
fixed-window,fixed-w16k-zstd-3,random-100000-00008,random-100000,MHC-GRCh38,MHC,898253,998253,100000,100,262144,2,0,2,83706,83706,0,16384,4575,0,1,67322,39780,147605,2.104223,0.567095,23.566000,325.058000,296.037000,810.098000,1736.307000,7,444,6f37807f43b3120ee8ab6e9d986088ca53183c089fd977eeb73eb6e3af745553,true,43.232160,108.696480,226.321600
fixed-window,fixed-w16k-zstd-3,random-100000-00009,random-100000,MHC-GRCh38,MHC,4231710,4331710,100000,100,262144,3,0,3,184930,184930,0,16384,4575,4089,1,164457,66193,442213,2.793800,0.418192,9.208000,736.311000,1835.187000,6333.588000,10695.086000,7,3379,ac378f0e421356116b75697d2300397d66eeff26cd5a6fcf9dee9f4791e9514a,true,66.431467,167.794400,355.314667
fixed-window,fixed-w16k-zstd-3,random-1000000-00000,random-1000000,MHC-GRCh38,MHC,994225,1994225,1000000,100,262144,2,0,2,1104180,1104180,0,16384,8664,0,2,1087796,548894,3443303,2.011645,0.320675,13.805000,4930.862000,10780.160000,52986.878000,83371.834000,62,24980,e039d704c358bca65f992eff31cc093af09a0746282cd90f67eb0127375fd4ea,true,70.444800,190.334400,498.448000
fixed-window,fixed-w16k-zstd-3,random-1000000-00001,random-1000000,MHC-GRCh38,MHC,3053916,4053916,1000000,100,262144,3,1,3,1256757,1256757,0,16384,8664,4547,2,1235826,596076,4205164,2.108384,0.298860,15.114000,6399.915000,16067.416000,73554.350000,117660.898000,62,33451,02b0cd494e49d7daad9c061e26bd5f30875e890011b40319ac8385b03468adb0,true,95.013520,253.540560,641.135200
fixed-window,fixed-w16k-zstd-3,random-1000000-00002,random-1000000,MHC-GRCh38,MHC,3662178,4662178,1000000,100,262144,3,0,3,2111837,2111837,0,16384,7586,7100,2,2088353,995745,8344254,2.120861,0.253089,280.632000,11669.963000,34294.870000,169843.911000,263427.131000,62,75875,9f2f534dbeb6bc19fdb0aaddd7dcbbbf12f3244522db2b99cc0005bf57dcd7ca,true,117.815653,321.946960,869.156533
fixed-window,fixed-w16k-zstd-3,random-1000000-00003,random-1000000,MHC-GRCh38,MHC,1664410,2664410,1000000,100,262144,3,1,3,886117,886117,0,16384,12753,458,3,869275,463364,2504865,1.912356,0.353758,22.496000,3639.568000,6463.423000,30847.238000,49806.585000,62,14806,503b4b8eeb4d6b89896360d25d9cf284431c6fb57279fa10a6bb4e837333cb36,true,85.129787,223.889360,542.297867
fixed-window,fixed-w16k-zstd-3,random-1000000-00004,random-1000000,MHC-GRCh38,MHC,3882446,4882446,1000000,100,262144,3,0,3,2018545,2018545,0,16384,7586,7100,2,1995061,939090,7930076,2.149469,0.254543,14.883000,11251.248000,32830.642000,161993.593000,250906.908000,63,71788,6ee89cfcacf1b33a3922fb060df2a2c6eecf14744ab9c8e57fa06c90b10c8a7f,true,115.327867,314.483600,844.278667
fixed-window,fixed-w16k-zstd-3,random-1000000-00005,random-1000000,MHC-GRCh38,MHC,3946668,4946668,1000000,100,262144,3,0,3,1937040,1937040,0,16384,7586,7100,2,1913556,910125,7639916,2.128323,0.253542,15.791000,10841.721000,31683.808000,154458.406000,240080.822000,62,68872,6ecc17a43d30f9682e54af7859498a82e49e925f11120bc92457d41d4a96b4fb,true,113.154400,307.963200,822.544000
fixed-window,fixed-w16k-zstd-3,random-1000000-00006,random-1000000,MHC-GRCh38,MHC,2514903,3514903,1000000,100,262144,3,1,3,1301055,1301055,0,16384,12753,4547,3,1280124,637041,4331859,2.042341,0.300346,22.103000,6236.266000,15363.889000,73083.522000,115398.570000,62,33702,2eaba3ded88cbe0bc539b52cc4ebadfc160b0a7a4c53da1cee26f31fdc1fbb0a,true,96.194800,257.084400,652.948000
fixed-window,fixed-w16k-zstd-3,random-1000000-00007,random-1000000,MHC-GRCh38,MHC,1441302,2441302,1000000,100,262144,2,0,2,891486,891486,0,16384,8664,0,2,875102,443056,2355194,2.012129,0.378519,13.607000,3711.981000,6655.128000,28662.144000,47356.888000,63,13330,7fb2f354d42e738dc73f6f3403e942f8e5039fe5e0b6cceac898af8d2a410cd1,true,64.772960,173.318880,441.729600
fixed-window,fixed-w16k-zstd-3,random-1000000-00008,random-1000000,MHC-GRCh38,MHC,3577106,4577106,1000000,100,262144,3,0,3,2049210,2049210,0,16384,7586,7100,2,2025726,967310,8107664,2.118463,0.252750,15.317000,11404.795000,33369.378000,165055.568000,256172.663000,62,73514,02fbe6e2d39e65f22196b639408caf4958d8e64401b51b4c559fdb2358a04813,true,116.145600,316.936800,852.456000
fixed-window,fixed-w16k-zstd-3,random-1000000-00009,random-1000000,MHC-GRCh38,MHC,3789056,4789056,1000000,100,262144,3,0,3,2060188,2060188,0,16384,7586,7100,2,2036704,971558,8161676,2.120499,0.252422,16.001000,11484.643000,33646.505000,165560.372000,257359.248000,62,74064,c242949d8abb5b783df011e87a4db1ed019295ff1ca51b4af5982090d03ce42c,true,116.438347,317.815040,855.383467
fixed-window,fixed-w16k-zstd-3,random-1000-00000,random-1000,MHC-GRCh38,MHC,2654244,2655244,1000,100,1048576,3,1,3,39112,39112,0,16384,4575,458,1,22270,1094,4386,35.751371,8.917465,8.018000,99.824000,274.821000,267.765000,984.362000,1,20,7023756c327dfc42cc748fd0c699aba076a4fdd6e782fc68c4f9317650d78d1f,true,62.542987,156.128960,316.429867
fixed-window,fixed-w16k-zstd-3,random-1000-00001,random-1000,MHC-GRCh38,MHC,4897918,4898918,1000,100,1048576,3,0,3,37240,37240,0,16384,3497,3011,1,17845,1143,3724,32.580927,10.000000,5.781000,74.949000,49.965000,56.476000,243.823000,2,5,0f3e26b2367cd8c927e3fcc74784b7c68afda5a708cdf28af6c3d6753b64b953,true,62.493067,155.979200,315.930667
fixed-window,fixed-w16k-zstd-3,random-1000-00002,random-1000,MHC-GRCh38,MHC,1758423,1759423,1000,100,1048576,2,0,2,28048,28048,0,16384,4575,0,1,11664,791,2881,35.458913,9.735509,5.171000,47.733000,55.966000,72.958000,199.984000,1,10,133fa0ebf1ed0843979635624467ecf79c6e162da236230f9bf2e6239a2b732e,true,41.747947,104.243840,211.479467
fixed-window,fixed-w16k-zstd-3,random-1000-00003,random-1000,MHC-GRCh38,MHC,3202374,3203374,1000,100,1048576,3,1,3,26869,26869,0,16384,4575,458,1,10027,1031,3465,26.061106,7.754401,5.473000,41.396000,36.076000,44.480000,143.734000,1,5,a206c9ece5e07726bb5b39e6657386c6246a99f8a3ab498cc78130719bfc8341,true,62.216507,155.149520,313.165067
fixed-window,fixed-w16k-zstd-3,random-1000-00004,random-1000,MHC-GRCh38,MHC,1529093,1530093,1000,100,1048576,2,0,2,31418,31418,0,16384,4575,0,1,15034,801,2774,39.223471,11.325883,4.719000,61.009000,105.136000,115.821000,304.794000,1,7,9eeefc2c27475e650e4092df95a3b58017919691e0a971867d5f0c4f1d41b4a7,true,41.837813,104.513440,212.378133
fixed-window,fixed-w16k-zstd-3,random-1000-00005,random-1000,MHC-GRCh38,MHC,999079,1000079,1000,100,1048576,2,0,2,38522,38522,0,16384,4575,0,1,22138,959,4021,40.168926,9.580204,4.884000,89.673000,101.580000,131.066000,423.162000,2,19,1a08adc0028aaf4bf93c8c4778378eb76cf8c8cbbb782f9c0496f0ac41df5129,true,42.027253,105.081760,214.272533
fixed-window,fixed-w16k-zstd-3,random-1000-00006,random-1000,MHC-GRCh38,MHC,4410732,4411732,1000,100,1048576,3,0,3,29650,29650,0,16384,3497,3011,1,10255,752,2710,39.428191,10.940959,4.761000,41.877000,40.579000,50.657000,159.537000,1,7,094f362cd65ffce3015be03603ec8e8c1ed6dcf943f687870ebde814eca7e69b,true,62.290667,155.372000,313.906667
fixed-window,fixed-w16k-zstd-3,random-1000-00007,random-1000,MHC-GRCh38,MHC,2388877,2389877,1000,100,1048576,2,0,2,27770,27770,0,16384,4575,0,1,11386,838,2947,33.138425,9.423142,4.983000,45.107000,48.123000,57.955000,171.194000,1,7,b4a99b0d35f06ec587a0c4126c82f9477599b85bd0802556fd4e43d6d4593233,true,41.740533,104.221600,211.405333
fixed-window,fixed-w16k-zstd-3,random-1000-00008,random-1000,MHC-GRCh38,MHC,844767,845767,1000,100,1048576,2,0,2,25521,25521,0,16384,4575,0,1,9137,800,3007,31.901250,8.487197,4.965000,38.355000,24.584000,37.032000,126.301000,1,10,ca775f09bf2a4a71b20e212b071ec8184f09136e111d888201e742f942c3a638,true,41.680560,104.041680,210.805600
fixed-window,fixed-w16k-zstd-3,random-1000-00009,random-1000,MHC-GRCh38,MHC,3227097,3228097,1000,100,1048576,3,1,3,35572,35572,0,16384,4575,458,1,18730,763,2531,46.621232,14.054524,5.678000,77.109000,59.515000,73.255000,280.289000,2,4,0255a889f5167fbf3a955d8155ad751b4570581dfb0e9bc2cdea6ae7ea4670ac,true,62.448587,155.845760,315.485867
fixed-window,fixed-w16k-zstd-3,random-10000-00000,random-10000,MHC-GRCh38,MHC,3078533,3088533,10000,100,1048576,3,1,3,37102,37102,0,16384,4575,458,1,20260,4813,21433,7.708706,1.731069,5.667000,83.688000,82.516000,199.923000,457.288000,2,97,dc43b95c88885288ca814cae4378ab3fb571c5e1dfea4d8ed03d04722fc4c29b,true,62.489387,155.968160,315.893867
fixed-window,fixed-w16k-zstd-3,random-10000-00001,random-10000,MHC-GRCh38,MHC,2465757,2475757,10000,100,1048576,2,0,2,51154,51154,0,16384,4575,0,1,34770,5821,27047,8.787837,1.891300,4.929000,143.776000,294.656000,497.790000,1165.230000,2,160,20b86cc9f9e11e316321a49147f44632b0f28c77313432f361cefe6f65278e65,true,42.364107,106.092320,217.641067
fixed-window,fixed-w16k-zstd-3,random-10000-00002,random-10000,MHC-GRCh38,MHC,3576984,3586984,10000,100,1048576,3,0,3,29860,29860,0,16384,4575,4089,1,9387,4485,17036,6.657748,1.752759,6.342000,38.197000,28.692000,86.034000,183.209000,1,57,7ee3b0bc227b0aa52897233ba7938e446f7c63d6ba45d9436bf4d1b4f86372fd,true,62.296267,155.388800,313.962667
fixed-window,fixed-w16k-zstd-3,random-10000-00003,random-10000,MHC-GRCh38,MHC,3405920,3415920,10000,100,1048576,3,1,3,34316,34316,0,16384,4575,458,1,17474,4059,14667,8.454299,2.339674,5.618000,74.032000,56.886000,92.659000,277.134000,2,33,e3d68b87ffccb4b800e2d33eb61b5ead880093fa6e7acc844608a79084deae1e,true,62.415093,155.745280,315.150933
fixed-window,fixed-w16k-zstd-3,random-10000-00004,random-10000,MHC-GRCh38,MHC,292664,302664,10000,100,1048576,2,0,2,45879,45879,0,16384,4575,0,1,29495,6119,30494,7.497794,1.504525,5.022000,122.761000,212.736000,430.579000,915.593000,2,191,c92e8dfca12914199b3963cd6ef7b4a904faf713b505df888eeec6cf7c1fbae3,true,42.223440,105.670320,216.234400
fixed-window,fixed-w16k-zstd-3,random-10000-00005,random-10000,MHC-GRCh38,MHC,2389603,2399603,10000,100,1048576,2,0,2,42329,42329,0,16384,4575,0,1,25945,6227,29231,6.797655,1.448086,5.274000,104.197000,149.765000,355.557000,760.293000,2,178,5f5306feca5ab49a03c990170c527475bd6c49449f1927cb0d675ceb2ae11911,true,42.128773,105.386320,215.287733
fixed-window,fixed-w16k-zstd-3,random-10000-00006,random-10000,MHC-GRCh38,MHC,542027,552027,10000,100,1048576,2,0,2,26755,26755,0,16384,4575,0,1,10371,4642,18725,5.763679,1.428838,5.189000,44.189000,49.211000,129.443000,252.704000,1,74,f16715bee2a56c8c2784af99f7d3f3693e22336065908aa9271549d1d35f9786,true,41.713467,104.140400,211.134667
fixed-window,fixed-w16k-zstd-3,random-10000-00007,random-10000,MHC-GRCh38,MHC,4185669,4195669,10000,100,1048576,3,0,3,111073,111073,0,16384,4575,4089,1,90600,17607,128437,6.308457,0.864805,6.166000,529.399000,1701.889000,3182.296000,6253.732000,2,1170,85c69098d2911b7e6003d90847659c119df8a18e2207c8cdc3d72f5894d576c9,true,64.461947,161.885840,335.619467
fixed-window,fixed-w16k-zstd-3,random-10000-00008,random-10000,MHC-GRCh38,MHC,878649,888649,10000,100,1048576,2,0,2,43442,43442,0,16384,4575,0,1,27058,5948,28208,7.303631,1.540060,6.879000,116.989000,191.649000,376.335000,868.373000,2,164,95cdd4c8198d0235b09b1deafd6a4b64e49fc7a45f14e067d1aa541b938b7d02,true,42.158453,105.475360,215.584533
fixed-window,fixed-w16k-zstd-3,random-10000-00009,random-10000,MHC-GRCh38,MHC,2541935,2551935,10000,100,1048576,2,0,2,38768,38768,0,16384,4575,0,1,22384,9286,49198,4.174887,0.788000,5.458000,97.253000,236.012000,642.525000,1011.850000,1,378,eea2d4eb88aca6dcf6c4fe471c2c50678ad3c23800ae4b85272d58820810e48b,true,42.033813,105.101440,214.338133
fixed-window,fixed-w16k-zstd-3,random-100000-00000,random-100000,MHC-GRCh38,MHC,4262931,4362931,100000,100,1048576,3,0,3,171265,171265,0,16384,7586,7100,2,147781,61376,393053,2.790423,0.435730,13.687000,619.119000,1431.271000,4983.224000,8337.408000,7,2892,befd5798f26d5c7b42d1717a5cfe86cf51b09dfc111ba1aae713cf80a449d48a,true,66.067067,166.701200,351.670667
fixed-window,fixed-w16k-zstd-3,random-100000-00001,random-100000,MHC-GRCh38,MHC,2031962,2131962,100000,100,1048576,2,0,2,79911,79911,0,16384,4575,0,1,63527,39057,151055,2.046010,0.529019,6.715000,266.468000,207.955000,786.300000,1597.065000,7,485,298779b47caf6fb56cd3bae009a7b724d447714231d6ef5bba143d0ba0d62ae6,true,43.130960,108.392880,225.309600
fixed-window,fixed-w16k-zstd-3,random-100000-00002,random-100000,MHC-GRCh38,MHC,1080439,1180439,100000,100,1048576,2,0,2,131224,131224,0,16384,4575,0,1,114840,48408,237229,2.710792,0.553153,5.920000,511.957000,924.597000,2626.000000,5176.241000,8,1338,919458d9233d10d96757b231e92f6f517dd5007403b91e944381979f638a151c,true,44.499307,112.497920,238.993067
fixed-window,fixed-w16k-zstd-3,random-100000-00003,random-100000,MHC-GRCh38,MHC,864953,964953,100000,100,1048576,2,0,2,92645,92645,0,16384,8664,0,2,76261,43638,185678,2.123035,0.498955,48.567000,318.625000,373.465000,1319.178000,2485.761000,7,820,f6107225b0af1dcefff1164d0ebcc9060ac13a8f00bdd5973ebd3832eab8ae2c,true,43.470533,109.411600,228.705333
fixed-window,fixed-w16k-zstd-3,random-100000-00004,random-100000,MHC-GRCh38,MHC,4129708,4229708,100000,100,1048576,3,0,3,406284,406284,0,16384,4575,4089,1,385811,166328,1664136,2.442668,0.244141,29.172000,2456.331000,8035.590000,33704.839000,52076.972000,7,15919,1386cc9557a3430593a42d82a4f8ee06e6ef3d3aaaeb97420f5ea050ab586a49,true,72.334240,185.502720,414.342400
fixed-window,fixed-w16k-zstd-3,random-100000-00005,random-100000,MHC-GRCh38,MHC,4502173,4602173,100000,100,1048576,3,0,3,175980,175980,0,16384,3497,3011,1,156585,64568,469823,2.725499,0.374567,7.423000,700.771000,1858.369000,6602.625000,11288.455000,7,3665,7673b8a947f7fff0a7f89605e806df4c300c2c59ceb6140ecfed1f37f3ea8184,true,66.192800,167.078400,352.928000
fixed-window,fixed-w16k-zstd-3,random-100000-00006,random-100000,MHC-GRCh38,MHC,434533,534533,100000,100,1048576,2,0,2,92096,92096,0,16384,4575,0,1,75712,42719,186899,2.155856,0.492758,11.817000,316.341000,384.419000,1369.873000,2613.456000,7,846,61b2ebdac5872792613dc1ff802aadbbd22e9c28c8ae067fffca0085d722305d,true,43.455893,109.367680,228.558933
fixed-window,fixed-w16k-zstd-3,random-100000-00007,random-100000,MHC-GRCh38,MHC,1813450,1913450,100000,100,1048576,2,0,2,111325,111325,0,16384,4575,0,1,94941,49170,245093,2.264084,0.454215,6.152000,394.566000,624.822000,2329.033000,4121.261000,7,1420,5bd49a40268a771a3f3941b3cca19f2693e3d94f4fcc79f1781bff5a86d44474,true,43.968667,110.906000,233.686667
fixed-window,fixed-w16k-zstd-3,random-100000-00008,random-100000,MHC-GRCh38,MHC,898253,998253,100000,100,1048576,2,0,2,83706,83706,0,16384,4575,0,1,67322,39780,147605,2.104223,0.567095,23.169000,306.810000,282.518000,764.679000,1644.604000,7,444,6f37807f43b3120ee8ab6e9d986088ca53183c089fd977eeb73eb6e3af745553,true,43.232160,108.696480,226.321600
fixed-window,fixed-w16k-zstd-3,random-100000-00009,random-100000,MHC-GRCh38,MHC,4231710,4331710,100000,100,1048576,3,0,3,184930,184930,0,16384,4575,4089,1,164457,66193,442213,2.793800,0.418192,7.580000,699.587000,1701.384000,7138.508000,11238.563000,7,3379,ac378f0e421356116b75697d2300397d66eeff26cd5a6fcf9dee9f4791e9514a,true,66.431467,167.794400,355.314667
fixed-window,fixed-w16k-zstd-3,random-1000000-00000,random-1000000,MHC-GRCh38,MHC,994225,1994225,1000000,100,1048576,2,0,2,1104180,1104180,0,16384,8664,0,2,1087796,548894,3443303,2.011645,0.320675,13.371000,4940.454000,10759.175000,53503.727000,83824.921000,62,24980,e039d704c358bca65f992eff31cc093af09a0746282cd90f67eb0127375fd4ea,true,70.444800,190.334400,498.448000
fixed-window,fixed-w16k-zstd-3,random-1000000-00001,random-1000000,MHC-GRCh38,MHC,3053916,4053916,1000000,100,1048576,3,1,3,1256757,1256757,0,16384,8664,4547,2,1235826,596076,4205164,2.108384,0.298860,14.881000,6465.183000,16084.766000,73521.555000,117720.809000,62,33451,02b0cd494e49d7daad9c061e26bd5f30875e890011b40319ac8385b03468adb0,true,95.013520,253.540560,641.135200
fixed-window,fixed-w16k-zstd-3,random-1000000-00002,random-1000000,MHC-GRCh38,MHC,3662178,4662178,1000000,100,1048576,3,0,3,2111837,2111837,0,16384,7586,7100,2,2088353,995745,8344254,2.120861,0.253089,15.483000,11809.598000,34489.612000,172335.910000,266546.938000,62,75875,9f2f534dbeb6bc19fdb0aaddd7dcbbbf12f3244522db2b99cc0005bf57dcd7ca,true,117.815653,321.946960,869.156533
fixed-window,fixed-w16k-zstd-3,random-1000000-00003,random-1000000,MHC-GRCh38,MHC,1664410,2664410,1000000,100,1048576,3,1,3,886117,886117,0,16384,12753,458,3,869275,463364,2504865,1.912356,0.353758,22.667000,3736.086000,6749.830000,31294.199000,50933.473000,62,14806,503b4b8eeb4d6b89896360d25d9cf284431c6fb57279fa10a6bb4e837333cb36,true,85.129787,223.889360,542.297867
fixed-window,fixed-w16k-zstd-3,random-1000000-00004,random-1000000,MHC-GRCh38,MHC,3882446,4882446,1000000,100,1048576,3,0,3,2018545,2018545,0,16384,7586,7100,2,1995061,939090,7930076,2.149469,0.254543,14.568000,11382.652000,33036.789000,161491.103000,251437.512000,63,71788,6ee89cfcacf1b33a3922fb060df2a2c6eecf14744ab9c8e57fa06c90b10c8a7f,true,115.327867,314.483600,844.278667
fixed-window,fixed-w16k-zstd-3,random-1000000-00005,random-1000000,MHC-GRCh38,MHC,3946668,4946668,1000000,100,1048576,3,0,3,1937040,1937040,0,16384,7586,7100,2,1913556,910125,7639916,2.128323,0.253542,15.335000,10970.848000,32046.396000,153352.813000,239719.233000,62,68872,6ecc17a43d30f9682e54af7859498a82e49e925f11120bc92457d41d4a96b4fb,true,113.154400,307.963200,822.544000
fixed-window,fixed-w16k-zstd-3,random-1000000-00006,random-1000000,MHC-GRCh38,MHC,2514903,3514903,1000000,100,1048576,3,1,3,1301055,1301055,0,16384,12753,4547,3,1280124,637041,4331859,2.042341,0.300346,21.760000,6283.644000,15423.727000,73277.789000,115645.418000,62,33702,2eaba3ded88cbe0bc539b52cc4ebadfc160b0a7a4c53da1cee26f31fdc1fbb0a,true,96.194800,257.084400,652.948000
fixed-window,fixed-w16k-zstd-3,random-1000000-00007,random-1000000,MHC-GRCh38,MHC,1441302,2441302,1000000,100,1048576,2,0,2,891486,891486,0,16384,8664,0,2,875102,443056,2355194,2.012129,0.378519,13.700000,3756.570000,6802.646000,29357.421000,48361.204000,63,13330,7fb2f354d42e738dc73f6f3403e942f8e5039fe5e0b6cceac898af8d2a410cd1,true,64.772960,173.318880,441.729600
fixed-window,fixed-w16k-zstd-3,random-1000000-00008,random-1000000,MHC-GRCh38,MHC,3577106,4577106,1000000,100,1048576,3,0,3,2049210,2049210,0,16384,7586,7100,2,2025726,967310,8107664,2.118463,0.252750,14.854000,11516.043000,33860.945000,165826.010000,258245.049000,62,73514,02fbe6e2d39e65f22196b639408caf4958d8e64401b51b4c559fdb2358a04813,true,116.145600,316.936800,852.456000
fixed-window,fixed-w16k-zstd-3,random-1000000-00009,random-1000000,MHC-GRCh38,MHC,3789056,4789056,1000000,100,1048576,3,0,3,2060188,2060188,0,16384,7586,7100,2,2036704,971558,8161676,2.120499,0.252422,15.497000,11548.944000,33843.958000,166484.499000,258535.608000,62,74064,c242949d8abb5b783df011e87a4db1ed019295ff1ca51b4af5982090d03ce42c,true,116.438347,317.815040,855.383467
