storage_kind,experiment_id,query_id,query_class,sample,contig,start,end,query_size,context,coalescing_gap,physical_reads,mergeable_reads,dependency_rounds,total_bytes_fetched,unique_bytes_fetched,duplicate_bytes_fetched,bootstrap_bytes_fetched,logical_index_bytes,data_bytes_fetched,required_compressed_payload_bytes,canonical_payload_bytes,read_amplification,canonical_amplification,index_lookup_us,decompression_us,decode_us,graph_reconstruction_us,total_local_query_us,selected_chunks,selected_nodes,canonical_hash,correctness,simulated_20ms_ms,simulated_50ms_ms,simulated_100ms_ms
gbz,gbz-baseline,random-1000-00000,random-1000,MHC-GRCh38,MHC,2654244,2655244,1000,100,,1,,1,4511832,4511832,0,,,4511832,,,,,,,,,150.986000,,,,true,140.815520,411.946560,1305.155200
gbz,gbz-baseline,random-1000-00001,random-1000,MHC-GRCh38,MHC,4897918,4898918,1000,100,,1,,1,4511832,4511832,0,,,4511832,,,,,,,,,43.030000,,,,true,140.815520,411.946560,1305.155200
gbz,gbz-baseline,random-1000-00002,random-1000,MHC-GRCh38,MHC,1758423,1759423,1000,100,,1,,1,4511832,4511832,0,,,4511832,,,,,,,,,53.547000,,,,true,140.815520,411.946560,1305.155200
gbz,gbz-baseline,random-1000-00003,random-1000,MHC-GRCh38,MHC,3202374,3203374,1000,100,,1,,1,4511832,4511832,0,,,4511832,,,,,,,,,47.095000,,,,true,140.815520,411.946560,1305.155200
gbz,gbz-baseline,random-1000-00004,random-1000,MHC-GRCh38,MHC,1529093,1530093,1000,100,,1,,1,4511832,4511832,0,,,4511832,,,,,,,,,46.968000,,,,true,140.815520,411.946560,1305.155200
gbz,gbz-baseline,random-1000-00005,random-1000,MHC-GRCh38,MHC,999079,1000079,1000,100,,1,,1,4511832,4511832,0,,,4511832,,,,,,,,,87.607000,,,,true,140.815520,411.946560,1305.155200
gbz,gbz-baseline,random-1000-00006,random-1000,MHC-GRCh38,MHC,4410732,4411732,1000,100,,1,,1,4511832,4511832,0,,,4511832,,,,,,,,,43.881000,,,,true,140.815520,411.946560,1305.155200
gbz,gbz-baseline,random-1000-00007,random-1000,MHC-GRCh38,MHC,2388877,2389877,1000,100,,1,,1,4511832,4511832,0,,,4511832,,,,,,,,,45.904000,,,,true,140.815520,411.946560,1305.155200
gbz,gbz-baseline,random-1000-00008,random-1000,MHC-GRCh38,MHC,844767,845767,1000,100,,1,,1,4511832,4511832,0,,,4511832,,,,,,,,,50.020000,,,,true,140.815520,411.946560,1305.155200
gbz,gbz-baseline,random-1000-00009,random-1000,MHC-GRCh38,MHC,3227097,3228097,1000,100,,1,,1,4511832,4511832,0,,,4511832,,,,,,,,,31.374000,,,,true,140.815520,411.946560,1305.155200
gbz,gbz-baseline,random-10000-00000,random-10000,MHC-GRCh38,MHC,3078533,3088533,10000,100,,1,,1,4511832,4511832,0,,,4511832,,,,,,,,,455.717000,,,,true,140.815520,411.946560,1305.155200
gbz,gbz-baseline,random-10000-00001,random-10000,MHC-GRCh38,MHC,2465757,2475757,10000,100,,1,,1,4511832,4511832,0,,,4511832,,,,,,,,,624.581000,,,,true,140.815520,411.946560,1305.155200
gbz,gbz-baseline,random-10000-00002,random-10000,MHC-GRCh38,MHC,3576984,3586984,10000,100,,1,,1,4511832,4511832,0,,,4511832,,,,,,,,,259.746000,,,,true,140.815520,411.946560,1305.155200
gbz,gbz-baseline,random-10000-00003,random-10000,MHC-GRCh38,MHC,3405920,3415920,10000,100,,1,,1,4511832,4511832,0,,,4511832,,,,,,,,,179.544000,,,,true,140.815520,411.946560,1305.155200
gbz,gbz-baseline,random-10000-00004,random-10000,MHC-GRCh38,MHC,292664,302664,10000,100,,1,,1,4511832,4511832,0,,,4511832,,,,,,,,,771.024000,,,,true,140.815520,411.946560,1305.155200
gbz,gbz-baseline,random-10000-00005,random-10000,MHC-GRCh38,MHC,2389603,2399603,10000,100,,1,,1,4511832,4511832,0,,,4511832,,,,,,,,,750.684000,,,,true,140.815520,411.946560,1305.155200
gbz,gbz-baseline,random-10000-00006,random-10000,MHC-GRCh38,MHC,542027,552027,10000,100,,1,,1,4511832,4511832,0,,,4511832,,,,,,,,,387.015000,,,,true,140.815520,411.946560,1305.155200
gbz,gbz-baseline,random-10000-00007,random-10000,MHC-GRCh38,MHC,4185669,4195669,10000,100,,1,,1,4511832,4511832,0,,,4511832,,,,,,,,,5437.713000,,,,true,140.815520,411.946560,1305.155200
gbz,gbz-baseline,random-10000-00008,random-10000,MHC-GRCh38,MHC,878649,888649,10000,100,,1,,1,4511832,4511832,0,,,4511832,,,,,,,,,767.083000,,,,true,140.815520,411.946560,1305.155200
gbz,gbz-baseline,random-10000-00009,random-10000,MHC-GRCh38,MHC,2541935,2551935,10000,100,,1,,1,4511832,4511832,0,,,4511832,,,,,,,,,1539.617000,,,,true,140.815520,411.946560,1305.155200
gbz,gbz-baseline,random-100000-00000,random-100000,MHC-GRCh38,MHC,4262931,4362931,100000,100,,1,,1,4511832,4511832,0,,,4511832,,,,,,,,,13797.871000,,,,true,140.815520,411.946560,1305.155200
gbz,gbz-baseline,random-100000-00001,random-100000,MHC-GRCh38,MHC,2031962,2131962,100000,100,,1,,1,4511832,4511832,0,,,4511832,,,,,,,,,2506.935000,,,,true,140.815520,411.946560,1305.155200
gbz,gbz-baseline,random-100000-00002,random-100000,MHC-GRCh38,MHC,1080439,1180439,100000,100,,1,,1,4511832,4511832,0,,,4511832,,,,,,,,,6344.205000,,,,true,140.815520,411.946560,1305.155200
gbz,gbz-baseline,random-100000-00003,random-100000,MHC-GRCh38,MHC,864953,964953,100000,100,,1,,1,4511832,4511832,0,,,4511832,,,,,,,,,4173.033000,,,,true,140.815520,411.946560,1305.155200
gbz,gbz-baseline,random-100000-00004,random-100000,MHC-GRCh38,MHC,4129708,4229708,100000,100,,1,,1,4511832,4511832,0,,,4511832,,,,,,,,,96292.947000,,,,true,140.815520,411.946560,1305.155200
gbz,gbz-baseline,random-100000-00005,random-100000,MHC-GRCh38,MHC,4502173,4602173,100000,100,,1,,1,4511832,4511832,0,,,4511832,,,,,,,,,17617.690000,,,,true,140.815520,411.946560,1305.155200
gbz,gbz-baseline,random-100000-00006,random-100000,MHC-GRCh38,MHC,434533,534533,100000,100,,1,,1,4511832,4511832,0,,,4511832,,,,,,,,,4199.646000,,,,true,140.815520,411.946560,1305.155200
gbz,gbz-baseline,random-100000-00007,random-100000,MHC-GRCh38,MHC,1813450,1913450,100000,100,,1,,1,4511832,4511832,0,,,4511832,,,,,,,,,7365.022000,,,,true,140.815520,411.946560,1305.155200
gbz,gbz-baseline,random-100000-00008,random-100000,MHC-GRCh38,MHC,898253,998253,100000,100,,1,,1,4511832,4511832,0,,,4511832,,,,,,,,,2822.267000,,,,true,140.815520,411.946560,1305.155200
gbz,gbz-baseline,random-100000-00009,random-100000,MHC-GRCh38,MHC,4231710,4331710,100000,100,,1,,1,4511832,4511832,0,,,4511832,,,,,,,,,16498.195000,,,,true,140.815520,411.946560,1305.155200
gbz,gbz-baseline,random-1000000-00000,random-1000000,MHC-GRCh38,MHC,994225,1994225,1000000,100,,1,,1,4511832,4511832,0,,,4511832,,,,,,,,,179865.887000,,,,true,140.815520,411.946560,1305.155200
gbz,gbz-baseline,random-1000000-00001,random-1000000,MHC-GRCh38,MHC,3053916,4053916,1000000,100,,1,,1,4511832,4511832,0,,,4511832,,,,,,,,,206597.806000,,,,true,140.815520,411.946560,1305.155200
gbz,gbz-baseline,random-1000000-00002,random-1000000,MHC-GRCh38,MHC,3662178,4662178,1000000,100,,1,,1,4511832,4511832,0,,,4511832,,,,,,,,,475905.669000,,,,true,140.815520,411.946560,1305.155200
gbz,gbz-baseline,random-1000000-00003,random-1000000,MHC-GRCh38,MHC,1664410,2664410,1000000,100,,1,,1,4511832,4511832,0,,,4511832,,,,,,,,,94395.693000,,,,true,140.815520,411.946560,1305.155200
gbz,gbz-baseline,random-1000000-00004,random-1000000,MHC-GRCh38,MHC,3882446,4882446,1000000,100,,1,,1,4511832,4511832,0,,,4511832,,,,,,,,,441330.652000,,,,true,140.815520,411.946560,1305.155200
gbz,gbz-baseline,random-1000000-00005,random-1000000,MHC-GRCh38,MHC,3946668,4946668,1000000,100,,1,,1,4511832,4511832,0,,,4511832,,,,,,,,,427075.682000,,,,true,140.815520,411.946560,1305.155200
gbz,gbz-baseline,random-1000000-00006,random-1000000,MHC-GRCh38,MHC,2514903,3514903,1000000,100,,1,,1,4511832,4511832,0,,,4511832,,,,,,,,,231313.497000,,,,true,140.815520,411.946560,1305.155200
gbz,gbz-baseline,random-1000000-00007,random-1000000,MHC-GRCh38,MHC,1441302,2441302,1000000,100,,1,,1,4511832,4511832,0,,,4511832,,,,,,,,,92947.105000,,,,true,140.815520,411.946560,1305.155200
gbz,gbz-baseline,random-1000000-00008,random-1000000,MHC-GRCh38,MHC,3577106,4577106,1000000,100,,1,,1,4511832,4511832,0,,,4511832,,,,,,,,,457012.404000,,,,true,140.815520,411.946560,1305.155200
gbz,gbz-baseline,random-1000000-00009,random-1000000,MHC-GRCh38,MHC,3789056,4789056,1000000,100,,1,,1,4511832,4511832,0,,,4511832,,,,,,,,,473355.511000,,,,true,140.815520,411.946560,1305.155200
gbz-base,gbz-base-baseline,random-1000-00000,random-1000,MHC-GRCh38,MHC,2654244,2655244,1000,100,,,,,,,,,,,,,,,,,,,451.109000,,,,true,,,
gbz-base,gbz-base-baseline,random-1000-00001,random-1000,MHC-GRCh38,MHC,4897918,4898918,1000,100,,,,,,,,,,,,,,,,,,,178.726000,,,,true,,,
gbz-base,gbz-base-baseline,random-1000-00002,random-1000,MHC-GRCh38,MHC,1758423,1759423,1000,100,,,,,,,,,,,,,,,,,,,179.114000,,,,true,,,
gbz-base,gbz-base-baseline,random-1000-00003,random-1000,MHC-GRCh38,MHC,3202374,3203374,1000,100,,,,,,,,,,,,,,,,,,,185.333000,,,,true,,,
gbz-base,gbz-base-baseline,random-1000-00004,random-1000,MHC-GRCh38,MHC,1529093,1530093,1000,100,,,,,,,,,,,,,,,,,,,213.359000,,,,true,,,
gbz-base,gbz-base-baseline,random-1000-00005,random-1000,MHC-GRCh38,MHC,999079,1000079,1000,100,,,,,,,,,,,,,,,,,,,294.067000,,,,true,,,
gbz-base,gbz-base-baseline,random-1000-00006,random-1000,MHC-GRCh38,MHC,4410732,4411732,1000,100,,,,,,,,,,,,,,,,,,,145.437000,,,,true,,,
gbz-base,gbz-base-baseline,random-1000-00007,random-1000,MHC-GRCh38,MHC,2388877,2389877,1000,100,,,,,,,,,,,,,,,,,,,166.456000,,,,true,,,
gbz-base,gbz-base-baseline,random-1000-00008,random-1000,MHC-GRCh38,MHC,844767,845767,1000,100,,,,,,,,,,,,,,,,,,,166.383000,,,,true,,,
gbz-base,gbz-base-baseline,random-1000-00009,random-1000,MHC-GRCh38,MHC,3227097,3228097,1000,100,,,,,,,,,,,,,,,,,,,111.396000,,,,true,,,
gbz-base,gbz-base-baseline,random-10000-00000,random-10000,MHC-GRCh38,MHC,3078533,3088533,10000,100,,,,,,,,,,,,,,,,,,,1332.633000,,,,true,,,
gbz-base,gbz-base-baseline,random-10000-00001,random-10000,MHC-GRCh38,MHC,2465757,2475757,10000,100,,,,,,,,,,,,,,,,,,,2074.904000,,,,true,,,
gbz-base,gbz-base-baseline,random-10000-00002,random-10000,MHC-GRCh38,MHC,3576984,3586984,10000,100,,,,,,,,,,,,,,,,,,,836.331000,,,,true,,,
gbz-base,gbz-base-baseline,random-10000-00003,random-10000,MHC-GRCh38,MHC,3405920,3415920,10000,100,,,,,,,,,,,,,,,,,,,540.050000,,,,true,,,
gbz-base,gbz-base-baseline,random-10000-00004,random-10000,MHC-GRCh38,MHC,292664,302664,10000,100,,,,,,,,,,,,,,,,,,,2421.056000,,,,true,,,
gbz-base,gbz-base-baseline,random-10000-00005,random-10000,MHC-GRCh38,MHC,2389603,2399603,10000,100,,,,,,,,,,,,,,,,,,,2234.559000,,,,true,,,
gbz-base,gbz-base-baseline,random-10000-00006,random-10000,MHC-GRCh38,MHC,542027,552027,10000,100,,,,,,,,,,,,,,,,,,,1029.370000,,,,true,,,
gbz-base,gbz-base-baseline,random-10000-00007,random-10000,MHC-GRCh38,MHC,4185669,4195669,10000,100,,,,,,,,,,,,,,,,,,,15812.839000,,,,true,,,
gbz-base,gbz-base-baseline,random-10000-00008,random-10000,MHC-GRCh38,MHC,878649,888649,10000,100,,,,,,,,,,,,,,,,,,,2301.477000,,,,true,,,
gbz-base,gbz-base-baseline,random-10000-00009,random-10000,MHC-GRCh38,MHC,2541935,2551935,10000,100,,,,,,,,,,,,,,,,,,,4995.624000,,,,true,,,
gbz-base,gbz-base-baseline,random-100000-00000,random-100000,MHC-GRCh38,MHC,4262931,4362931,100000,100,,,,,,,,,,,,,,,,,,,39583.238000,,,,true,,,
gbz-base,gbz-base-baseline,random-100000-00001,random-100000,MHC-GRCh38,MHC,2031962,2131962,100000,100,,,,,,,,,,,,,,,,,,,7016.979000,,,,true,,,
gbz-base,gbz-base-baseline,random-100000-00002,random-100000,MHC-GRCh38,MHC,1080439,1180439,100000,100,,,,,,,,,,,,,,,,,,,18530.252000,,,,true,,,
gbz-base,gbz-base-baseline,random-100000-00003,random-100000,MHC-GRCh38,MHC,864953,964953,100000,100,,,,,,,,,,,,,,,,,,,11540.941000,,,,true,,,
gbz-base,gbz-base-baseline,random-100000-00004,random-100000,MHC-GRCh38,MHC,4129708,4229708,100000,100,,,,,,,,,,,,,,,,,,,226374.747000,,,,true,,,
gbz-base,gbz-base-baseline,random-100000-00005,random-100000,MHC-GRCh38,MHC,4502173,4602173,100000,100,,,,,,,,,,,,,,,,,,,49572.350000,,,,true,,,
gbz-base,gbz-base-baseline,random-100000-00006,random-100000,MHC-GRCh38,MHC,434533,534533,100000,100,,,,,,,,,,,,,,,,,,,11635.388000,,,,true,,,
gbz-base,gbz-base-baseline,random-100000-00007,random-100000,MHC-GRCh38,MHC,1813450,1913450,100000,100,,,,,,,,,,,,,,,,,,,19030.158000,,,,true,,,
gbz-base,gbz-base-baseline,random-100000-00008,random-100000,MHC-GRCh38,MHC,898253,998253,100000,100,,,,,,,,,,,,,,,,,,,6649.993000,,,,true,,,
gbz-base,gbz-base-baseline,random-100000-00009,random-100000,MHC-GRCh38,MHC,4231710,4331710,100000,100,,,,,,,,,,,,,,,,,,,45830.229000,,,,true,,,
gbz-base,gbz-base-baseline,random-1000000-00000,random-1000000,MHC-GRCh38,MHC,994225,1994225,1000000,100,,,,,,,,,,,,,,,,,,,387301.608000,,,,true,,,
gbz-base,gbz-base-baseline,random-1000000-00001,random-1000000,MHC-GRCh38,MHC,3053916,4053916,1000000,100,,,,,,,,,,,,,,,,,,,499524.043000,,,,true,,,
gbz-base,gbz-base-baseline,random-1000000-00002,random-1000000,MHC-GRCh38,MHC,3662178,4662178,1000000,100,,,,,,,,,,,,,,,,,,,1111194.087000,,,,true,,,
gbz-base,gbz-base-baseline,random-1000000-00003,random-1000000,MHC-GRCh38,MHC,1664410,2664410,1000000,100,,,,,,,,,,,,,,,,,,,225964.938000,,,,true,,,
gbz-base,gbz-base-baseline,random-1000000-00004,random-1000000,MHC-GRCh38,MHC,3882446,4882446,1000000,100,,,,,,,,,,,,,,,,,,,1093617.860000,,,,true,,,
gbz-base,gbz-base-baseline,random-1000000-00005,random-1000000,MHC-GRCh38,MHC,3946668,4946668,1000000,100,,,,,,,,,,,,,,,,,,,1058230.019000,,,,true,,,
gbz-base,gbz-base-baseline,random-1000000-00006,random-1000000,MHC-GRCh38,MHC,2514903,3514903,1000000,100,,,,,,,,,,,,,,,,,,,577550.736000,,,,true,,,
gbz-base,gbz-base-baseline,random-1000000-00007,random-1000000,MHC-GRCh38,MHC,1441302,2441302,1000000,100,,,,,,,,,,,,,,,,,,,197939.678000,,,,true,,,
gbz-base,gbz-base-baseline,random-1000000-00008,random-1000000,MHC-GRCh38,MHC,3577106,4577106,1000000,100,,,,,,,,,,,,,,,,,,,1086584.822000,,,,true,,,
gbz-base,gbz-base-baseline,random-1000000-00009,random-1000000,MHC-GRCh38,MHC,3789056,4789056,1000000,100,,,,,,,,,,,,,,,,,,,1120226.990000,,,,true,,,
fixed-window,fixed-w256k-zstd-6-dedup,random-1000-00000,random-1000,MHC-GRCh38,MHC,2654244,2655244,1000,100,0,2,0,2,479469,479469,0,16384,1535,463085,964,4386,497.374481,109.318057,1.011000,2633.143000,11148.396000,9611.266000,28888.053000,1,20,7023756c327dfc42cc748fd0c699aba076a4fdd6e782fc68c4f9317650d78d1f,true,53.785840,140.357520,331.858400
fixed-window,fixed-w256k-zstd-6-dedup,random-1000-00001,random-1000,MHC-GRCh38,MHC,4897918,4898918,1000,100,0,2,0,2,129483,129483,0,16384,1535,113099,1056,3724,122.616477,34.769871,0.815000,478.460000,796.701000,573.655000,2328.796000,1,5,0f3e26b2367cd8c927e3fcc74784b7c68afda5a708cdf28af6c3d6753b64b953,true,44.452880,112.358640,238.528800
fixed-window,fixed-w256k-zstd-6-dedup,random-1000-00002,random-1000,MHC-GRCh38,MHC,1758423,1759423,1000,100,0,2,0,2,168189,168189,0,16384,1535,151805,712,2881,236.220506,58.378688,0.650000,654.694000,1629.575000,1243.020000,4277.781000,1,10,133fa0ebf1ed0843979635624467ecf79c6e162da236230f9bf2e6239a2b732e,true,45.485040,115.455120,248.850400
fixed-window,fixed-w256k-zstd-6-dedup,random-1000-00003,random-1000,MHC-GRCh38,MHC,3202374,3203374,1000,100,0,2,0,2,132702,132702,0,16384,1535,116318,957,3465,138.664577,38.297835,0.746000,485.505000,764.230000,487.772000,2117.994000,1,5,a206c9ece5e07726bb5b39e6657386c6246a99f8a3ab498cc78130719bfc8341,true,44.538720,112.616160,239.387200
fixed-window,fixed-w256k-zstd-6-dedup,random-1000-00004,random-1000,MHC-GRCh38,MHC,1529093,1530093,1000,100,0,2,0,2,334796,334796,0,16384,1535,318412,742,2774,451.207547,120.690699,0.469000,1747.576000,6734.305000,5564.903000,17536.160000,1,7,9eeefc2c27475e650e4092df95a3b58017919691e0a971867d5f0c4f1d41b4a7,true,49.927893,128.783680,293.278933
fixed-window,fixed-w256k-zstd-6-dedup,random-1000-00005,random-1000,MHC-GRCh38,MHC,999079,1000079,1000,100,0,2,0,2,144623,144623,0,16384,1535,128239,876,4021,165.094749,35.966924,0.646000,524.320000,1010.651000,795.031000,2860.882000,1,19,1a08adc0028aaf4bf93c8c4778378eb76cf8c8cbbb782f9c0496f0ac41df5129,true,44.856613,113.569840,242.566133
fixed-window,fixed-w256k-zstd-6-dedup,random-1000-00006,random-1000,MHC-GRCh38,MHC,4410732,4411732,1000,100,0,2,0,2,257373,257373,0,16384,1535,240989,697,2710,369.258250,94.971587,1.048000,1320.012000,4462.859000,3626.525000,11441.545000,1,7,094f362cd65ffce3015be03603ec8e8c1ed6dcf943f687870ebde814eca7e69b,true,47.863280,122.589840,272.632800
fixed-window,fixed-w256k-zstd-6-dedup,random-1000-00007,random-1000,MHC-GRCh38,MHC,2388877,2389877,1000,100,0,2,0,2,234888,234888,0,16384,1535,218504,769,2947,305.446034,79.704106,0.677000,1020.908000,3418.799000,3151.681000,9230.595000,1,7,b4a99b0d35f06ec587a0c4126c82f9477599b85bd0802556fd4e43d6d4593233,true,47.263680,120.791040,266.636800
fixed-window,fixed-w256k-zstd-6-dedup,random-1000-00008,random-1000,MHC-GRCh38,MHC,844767,845767,1000,100,0,2,0,2,144623,144623,0,16384,1535,128239,745,3007,194.124832,48.095444,0.656000,531.606000,1055.017000,746.299000,2851.015000,1,10,ca775f09bf2a4a71b20e212b071ec8184f09136e111d888201e742f942c3a638,true,44.856613,113.569840,242.566133
fixed-window,fixed-w256k-zstd-6-dedup,random-1000-00009,random-1000,MHC-GRCh38,MHC,3227097,3228097,1000,100,0,2,0,2,132702,132702,0,16384,1535,116318,701,2531,189.303852,52.430660,0.551000,482.334000,771.360000,549.649000,2168.049000,1,4,0255a889f5167fbf3a955d8155ad751b4570581dfb0e9bc2cdea6ae7ea4670ac,true,44.538720,112.616160,239.387200
fixed-window,fixed-w256k-zstd-6-dedup,random-10000-00000,random-10000,MHC-GRCh38,MHC,3078533,3088533,10000,100,0,2,0,2,274352,274352,0,16384,1535,257968,4326,21433,63.419325,12.800448,0.539000,1216.564000,4282.055000,3804.394000,11455.770000,1,97,dc43b95c88885288ca814cae4378ab3fb571c5e1dfea4d8ed03d04722fc4c29b,true,48.316053,123.948160,277.160533
fixed-window,fixed-w256k-zstd-6-dedup,random-10000-00001,random-10000,MHC-GRCh38,MHC,2465757,2475757,10000,100,0,2,0,2,234888,234888,0,16384,1535,218504,4983,27047,47.137869,8.684438,0.622000,1051.050000,3462.345000,3599.605000,9755.396000,1,160,20b86cc9f9e11e316321a49147f44632b0f28c77313432f361cefe6f65278e65,true,47.263680,120.791040,266.636800
fixed-window,fixed-w256k-zstd-6-dedup,random-10000-00002,random-10000,MHC-GRCh38,MHC,3576984,3586984,10000,100,0,2,0,2,126033,126033,0,16384,1535,109649,4038,17036,31.211738,7.398039,0.763000,468.860000,783.473000,605.855000,2259.330000,1,57,7ee3b0bc227b0aa52897233ba7938e446f7c63d6ba45d9436bf4d1b4f86372fd,true,44.360880,112.082640,237.608800
fixed-window,fixed-w256k-zstd-6-dedup,random-10000-00003,random-10000,MHC-GRCh38,MHC,3405920,3415920,10000,100,0,2,0,2,242351,242351,0,16384,1535,225967,3595,14667,67.413352,16.523556,0.474000,919.656000,1521.296000,1549.185000,5229.912000,2,33,e3d68b87ffccb4b800e2d33eb61b5ead880093fa6e7acc844608a79084deae1e,true,47.462693,121.388080,268.626933
fixed-window,fixed-w256k-zstd-6-dedup,random-10000-00004,random-10000,MHC-GRCh38,MHC,292664,302664,10000,100,0,2,0,2,153052,153052,0,16384,1535,136668,5273,30494,29.025602,5.019086,0.748000,601.849000,1392.279000,1481.378000,4153.722000,1,191,c92e8dfca12914199b3963cd6ef7b4a904faf713b505df888eeec6cf7c1fbae3,true,45.081387,114.244160,244.813867
fixed-window,fixed-w256k-zstd-6-dedup,random-10000-00005,random-10000,MHC-GRCh38,MHC,2389603,2399603,10000,100,0,2,0,2,234888,234888,0,16384,1535,218504,5093,29231,46.119772,8.035579,0.587000,1018.115000,3439.131000,3726.109000,9879.884000,1,178,5f5306feca5ab49a03c990170c527475bd6c49449f1927cb0d675ceb2ae11911,true,47.263680,120.791040,266.636800
fixed-window,fixed-w256k-zstd-6-dedup,random-10000-00006,random-10000,MHC-GRCh38,MHC,542027,552027,10000,100,0,2,0,2,141622,141622,0,16384,1535,125238,4221,18725,33.551765,7.563258,0.684000,543.276000,1087.251000,1048.554000,3209.876000,1,74,f16715bee2a56c8c2784af99f7d3f3693e22336065908aa9271549d1d35f9786,true,44.776587,113.329760,241.765867
fixed-window,fixed-w256k-zstd-6-dedup,random-10000-00007,random-10000,MHC-GRCh38,MHC,4185669,4195669,10000,100,0,2,0,2,1334117,1334117,0,16384,1535,1317733,13317,128437,100.181497,10.387326,1.056000,7797.014000,33208.305000,28878.118000,91159.455000,2,1170,85c69098d2911b7e6003d90847659c119df8a18e2207c8cdc3d72f5894d576c9,true,76.576453,208.729360,559.764533
fixed-window,fixed-w256k-zstd-6-dedup,random-10000-00008,random-10000,MHC-GRCh38,MHC,878649,888649,10000,100,0,2,0,2,144623,144623,0,16384,1535,128239,5240,28208,27.599809,5.127021,1.105000,528.350000,1164.845000,1069.049000,3621.484000,1,164,95cdd4c8198d0235b09b1deafd6a4b64e49fc7a45f14e067d1aa541b938b7d02,true,44.856613,113.569840,242.566133
fixed-window,fixed-w256k-zstd-6-dedup,random-10000-00009,random-10000,MHC-GRCh38,MHC,2541935,2551935,10000,100,0,2,0,2,234888,234888,0,16384,1535,218504,7006,49198,33.526691,4.774340,0.555000,1009.913000,3428.559000,3632.530000,9885.808000,1,378,eea2d4eb88aca6dcf6c4fe471c2c50678ad3c23800ae4b85272d58820810e48b,true,47.263680,120.791040,266.636800
fixed-window,fixed-w256k-zstd-6-dedup,random-100000-00000,random-100000,MHC-GRCh38,MHC,4262931,4362931,100000,100,0,2,0,2,257373,257373,0,16384,1535,240989,53152,393053,4.842207,0.654805,0.584000,1334.916000,4624.449000,7856.317000,16048.745000,1,2892,befd5798f26d5c7b42d1717a5cfe86cf51b09dfc111ba1aae713cf80a449d48a,true,47.863280,122.589840,272.632800
fixed-window,fixed-w256k-zstd-6-dedup,random-100000-00001,random-100000,MHC-GRCh38,MHC,2031962,2131962,100000,100,0,2,0,2,303012,303012,0,16384,1535,286628,33696,151055,8.992521,2.005971,0.729000,1222.418000,3068.143000,3331.853000,10113.102000,2,485,298779b47caf6fb56cd3bae009a7b724d447714231d6ef5bba143d0ba0d62ae6,true,49.080320,126.240960,284.803200
fixed-window,fixed-w256k-zstd-6-dedup,random-100000-00002,random-100000,MHC-GRCh38,MHC,1080439,1180439,100000,100,0,2,0,2,227376,227376,0,16384,1535,210992,41056,237229,5.538192,0.958466,0.558000,1001.722000,3363.748000,5326.091000,11225.447000,1,1338,919458d9233d10d96757b231e92f6f517dd5007403b91e944381979f638a151c,true,47.063360,120.190080,264.633600
fixed-window,fixed-w256k-zstd-6-dedup,random-100000-00003,random-100000,MHC-GRCh38,MHC,864953,964953,100000,100,0,2,0,2,144623,144623,0,16384,1535,128239,37923,185678,3.813596,0.778891,0.817000,530.636000,1065.940000,1936.405000,4097.407000,1,820,f6107225b0af1dcefff1164d0ebcc9060ac13a8f00bdd5973ebd3832eab8ae2c,true,44.856613,113.569840,242.566133
fixed-window,fixed-w256k-zstd-6-dedup,random-100000-00004,random-100000,MHC-GRCh38,MHC,4129708,4229708,100000,100,0,2,0,2,1334117,1334117,0,16384,1535,1317733,143554,1664136,9.293485,0.801687,22.633000,7875.060000,33356.043000,52991.606000,115612.573000,2,15919,1386cc9557a3430593a42d82a4f8ee06e6ef3d3aaaeb97420f5ea050ab586a49,true,76.576453,208.729360,559.764533
fixed-window,fixed-w256k-zstd-6-dedup,random-100000-00005,random-100000,MHC-GRCh38,MHC,4502173,4602173,100000,100,0,2,0,2,236760,236760,0,16384,1535,220376,58280,469823,4.062457,0.503934,1.019000,1136.266000,3933.403000,8997.884000,16220.943000,1,3665,7673b8a947f7fff0a7f89605e806df4c300c2c59ceb6140ecfed1f37f3ea8184,true,47.313600,120.940800,267.136000
fixed-window,fixed-w256k-zstd-6-dedup,random-100000-00006,random-100000,MHC-GRCh38,MHC,434533,534533,100000,100,0,2,0,2,278290,278290,0,16384,1535,261906,37660,186899,7.389538,1.488986,0.920000,1133.116000,2522.684000,3641.018000,9303.033000,2,846,61b2ebdac5872792613dc1ff802aadbbd22e9c28c8ae067fffca0085d722305d,true,48.421067,124.263200,278.210667
fixed-window,fixed-w256k-zstd-6-dedup,random-100000-00007,random-100000,MHC-GRCh38,MHC,1813450,1913450,100000,100,0,2,0,2,312948,312948,0,16384,1535,296564,42121,245093,7.429738,1.276854,0.798000,1275.454000,3268.947000,5563.629000,12860.753000,2,1420,5bd49a40268a771a3f3941b3cca19f2693e3d94f4fcc79f1781bff5a86d44474,true,49.345280,127.035840,287.452800
fixed-window,fixed-w256k-zstd-6-dedup,random-100000-00008,random-100000,MHC-GRCh38,MHC,898253,998253,100000,100,0,2,0,2,144623,144623,0,16384,1535,128239,34657,147605,4.172981,0.979797,0.964000,532.248000,1172.606000,1516.042000,3891.158000,1,444,6f37807f43b3120ee8ab6e9d986088ca53183c089fd977eeb73eb6e3af745553,true,44.856613,113.569840,242.566133
fixed-window,fixed-w256k-zstd-6-dedup,random-100000-00009,random-100000,MHC-GRCh38,MHC,4231710,4331710,100000,100,0,2,0,2,257373,257373,0,16384,1535,240989,56947,442213,4.519518,0.582011,0.862000,1344.219000,4789.375000,9707.799000,18156.982000,1,3379,ac378f0e421356116b75697d2300397d66eeff26cd5a6fcf9dee9f4791e9514a,true,47.863280,122.589840,272.632800
fixed-window,fixed-w256k-zstd-6-dedup,random-1000000-00000,random-1000000,MHC-GRCh38,MHC,994225,1994225,1000000,100,0,2,0,2,970591,970591,0,16384,1535,954207,487060,3443303,1.992754,0.281878,1.474000,4538.967000,14402.558000,53623.011000,90020.207000,5,24980,e039d704c358bca65f992eff31cc093af09a0746282cd90f67eb0127375fd4ea,true,66.882427,179.647280,462.824267
fixed-window,fixed-w256k-zstd-6-dedup,random-1000000-00001,random-1000000,MHC-GRCh38,MHC,3053916,4053916,1000000,100,0,2,0,2,1821578,1821578,0,16384,1535,1805194,531021,4205164,3.430331,0.433176,1.746000,9878.396000,38224.328000,92407.521000,185964.071000,5,33451,02b0cd494e49d7daad9c061e26bd5f30875e890011b40319ac8385b03468adb0,true,89.575413,247.726240,689.754133
fixed-window,fixed-w256k-zstd-6-dedup,random-1000000-00002,random-1000000,MHC-GRCh38,MHC,3662178,4662178,1000000,100,0,2,0,2,1908657,1908657,0,16384,1535,1892273,860861,8344254,2.217149,0.228739,2.739000,10614.891000,41125.659000,166261.762000,270983.442000,5,75875,9f2f534dbeb6bc19fdb0aaddd7dcbbbf12f3244522db2b99cc0005bf57dcd7ca,true,91.897520,254.692560,712.975200
fixed-window,fixed-w256k-zstd-6-dedup,random-1000000-00003,random-1000000,MHC-GRCh38,MHC,1664410,2664410,1000000,100,0,2,0,2,1136406,1136406,0,16384,1535,1120022,406527,2504865,2.795401,0.453680,4.512000,5593.504000,18804.784000,41781.495000,89104.155000,5,14806,503b4b8eeb4d6b89896360d25d9cf284431c6fb57279fa10a6bb4e837333cb36,true,71.304160,192.912480,507.041600
fixed-window,fixed-w256k-zstd-6-dedup,random-1000000-00004,random-1000000,MHC-GRCh38,MHC,3882446,4882446,1000000,100,0,2,0,2,1912107,1912107,0,16384,1535,1895723,819361,7930076,2.333656,0.241121,1.275000,10645.041000,41369.493000,159810.718000,261608.781000,5,71788,6ee89cfcacf1b33a3922fb060df2a2c6eecf14744ab9c8e57fa06c90b10c8a7f,true,91.989520,254.968560,713.895200
fixed-window,fixed-w256k-zstd-6-dedup,random-1000000-00005,random-1000000,MHC-GRCh38,MHC,3946668,4946668,1000000,100,0,2,0,2,1667592,1667592,0,16384,1535,1651208,798018,7639916,2.089667,0.218274,8.413000,9456.772000,37627.505000,151989.704000,226961.747000,4,68872,6ecc17a43d30f9682e54af7859498a82e49e925f11120bc92457d41d4a96b4fb,true,85.469120,235.407360,648.691200
fixed-window,fixed-w256k-zstd-6-dedup,random-1000000-00006,random-1000000,MHC-GRCh38,MHC,2514903,3514903,1000000,100,0,2,0,2,1181908,1181908,0,16384,1535,1165524,541339,4331859,2.183305,0.272841,4.278000,5824.693000,19904.619000,73477.015000,122177.482000,5,33702,2eaba3ded88cbe0bc539b52cc4ebadfc160b0a7a4c53da1cee26f31fdc1fbb0a,true,72.517547,196.552640,519.175467
fixed-window,fixed-w256k-zstd-6-dedup,random-1000000-00007,random-1000000,MHC-GRCh38,MHC,1441302,2441302,1000000,100,0,2,0,2,991733,991733,0,16384,1535,975349,396573,2355194,2.500758,0.421083,2.102000,4888.263000,15315.110000,35784.484000,70728.381000,5,13330,7fb2f354d42e738dc73f6f3403e942f8e5039fe5e0b6cceac898af8d2a410cd1,true,67.446213,181.338640,468.462133
fixed-window,fixed-w256k-zstd-6-dedup,random-1000000-00008,random-1000000,MHC-GRCh38,MHC,3577106,4577106,1000000,100,0,2,0,2,1908657,1908657,0,16384,1535,1892273,834626,8107664,2.286841,0.235414,1.991000,10642.565000,41099.867000,163607.390000,267535.586000,5,73514,02fbe6e2d39e65f22196b639408caf4958d8e64401b51b4c559fdb2358a04813,true,91.897520,254.692560,712.975200
fixed-window,fixed-w256k-zstd-6-dedup,random-1000000-00009,random-1000000,MHC-GRCh38,MHC,3789056,4789056,1000000,100,0,2,0,2,1912107,1912107,0,16384,1535,1895723,836879,8161676,2.284807,0.234279,3.313000,10847.473000,41815.978000,165303.988000,268168.382000,5,74064,c242949d8abb5b783df011e87a4db1ed019295ff1ca51b4af5982090d03ce42c,true,91.989520,254.968560,713.895200
fixed-window,fixed-w256k-zstd-6-dedup,random-1000-00000,random-1000,MHC-GRCh38,MHC,2654244,2655244,1000,100,4096,2,0,2,479469,479469,0,16384,1535,463085,964,4386,497.374481,109.318057,1.950000,2631.571000,11408.442000,10045.501000,30116.665000,1,20,7023756c327dfc42cc748fd0c699aba076a4fdd6e782fc68c4f9317650d78d1f,true,53.785840,140.357520,331.858400
fixed-window,fixed-w256k-zstd-6-dedup,random-1000-00001,random-1000,MHC-GRCh38,MHC,4897918,4898918,1000,100,4096,2,0,2,129483,129483,0,16384,1535,113099,1056,3724,122.616477,34.769871,1.027000,478.652000,904.571000,645.009000,2633.733000,1,5,0f3e26b2367cd8c927e3fcc74784b7c68afda5a708cdf28af6c3d6753b64b953,true,44.452880,112.358640,238.528800
fixed-window,fixed-w256k-zstd-6-dedup,random-1000-00002,random-1000,MHC-GRCh38,MHC,1758423,1759423,1000,100,4096,2,0,2,168189,168189,0,16384,1535,151805,712,2881,236.220506,58.378688,0.849000,666.442000,1690.316000,1283.657000,4456.914000,1,10,133fa0ebf1ed0843979635624467ecf79c6e162da236230f9bf2e6239a2b732e,true,45.485040,115.455120,248.850400
fixed-window,fixed-w256k-zstd-6-dedup,random-1000-00003,random-1000,MHC-GRCh38,MHC,3202374,3203374,1000,100,4096,2,0,2,132702,132702,0,16384,1535,116318,957,3465,138.664577,38.297835,0.478000,492.701000,800.138000,617.560000,2323.283000,1,5,a206c9ece5e07726bb5b39e6657386c6246a99f8a3ab498cc78130719bfc8341,true,44.538720,112.616160,239.387200
fixed-window,fixed-w256k-zstd-6-dedup,random-1000-00004,random-1000,MHC-GRCh38,MHC,1529093,1530093,1000,100,4096,2,0,2,334796,334796,0,16384,1535,318412,742,2774,451.207547,120.690699,0.979000,1729.336000,6845.373000,5490.135000,17638.109000,1,7,9eeefc2c27475e650e4092df95a3b58017919691e0a971867d5f0c4f1d41b4a7,true,49.927893,128.783680,293.278933
fixed-window,fixed-w256k-zstd-6-dedup,random-1000-00005,random-1000,MHC-GRCh38,MHC,999079,1000079,1000,100,4096,2,0,2,144623,144623,0,16384,1535,128239,876,4021,165.094749,35.966924,1.155000,537.629000,1140.836000,820.550000,3112.584000,1,19,1a08adc0028aaf4bf93c8c4778378eb76cf8c8cbbb782f9c0496f0ac41df5129,true,44.856613,113.569840,242.566133
fixed-window,fixed-w256k-zstd-6-dedup,random-1000-00006,random-1000,MHC-GRCh38,MHC,4410732,4411732,1000,100,4096,2,0,2,257373,257373,0,16384,1535,240989,697,2710,369.258250,94.971587,0.539000,1320.402000,4403.875000,3667.962000,11455.652000,1,7,094f362cd65ffce3015be03603ec8e8c1ed6dcf943f687870ebde814eca7e69b,true,47.863280,122.589840,272.632800
fixed-window,fixed-w256k-zstd-6-dedup,random-1000-00007,random-1000,MHC-GRCh38,MHC,2388877,2389877,1000,100,4096,2,0,2,234888,234888,0,16384,1535,218504,769,2947,305.446034,79.704106,0.650000,1023.589000,3378.586000,2914.105000,9005.341000,1,7,b4a99b0d35f06ec587a0c4126c82f9477599b85bd0802556fd4e43d6d4593233,true,47.263680,120.791040,266.636800
fixed-window,fixed-w256k-zstd-6-dedup,random-1000-00008,random-1000,MHC-GRCh38,MHC,844767,845767,1000,100,4096,2,0,2,144623,144623,0,16384,1535,128239,745,3007,194.124832,48.095444,1.120000,528.285000,1020.314000,712.640000,2770.555000,1,10,ca775f09bf2a4a71b20e212b071ec8184f09136e111d888201e742f942c3a638,true,44.856613,113.569840,242.566133
fixed-window,fixed-w256k-zstd-6-dedup,random-1000-00009,random-1000,MHC-GRCh38,MHC,3227097,3228097,1000,100,4096,2,0,2,132702,132702,0,16384,1535,116318,701,2531,189.303852,52.430660,0.399000,482.359000,767.497000,561.450000,2180.219000,1,4,0255a889f5167fbf3a955d8155ad751b4570581dfb0e9bc2cdea6ae7ea4670ac,true,44.538720,112.616160,239.387200
fixed-window,fixed-w256k-zstd-6-dedup,random-10000-00000,random-10000,MHC-GRCh38,MHC,3078533,3088533,10000,100,4096,2,0,2,274352,274352,0,16384,1535,257968,4326,21433,63.419325,12.800448,0.857000,1215.344000,4345.959000,4583.197000,12357.772000,1,97,dc43b95c88885288ca814cae4378ab3fb571c5e1dfea4d8ed03d04722fc4c29b,true,48.316053,123.948160,277.160533
fixed-window,fixed-w256k-zstd-6-dedup,random-10000-00001,random-10000,MHC-GRCh38,MHC,2465757,2475757,10000,100,4096,2,0,2,234888,234888,0,16384,1535,218504,4983,27047,47.137869,8.684438,0.596000,1031.177000,3661.769000,3783.804000,10426.892000,1,160,20b86cc9f9e11e316321a49147f44632b0f28c77313432f361cefe6f65278e65,true,47.263680,120.791040,266.636800
fixed-window,fixed-w256k-zstd-6-dedup,random-10000-00002,random-10000,MHC-GRCh38,MHC,3576984,3586984,10000,100,4096,2,0,2,126033,126033,0,16384,1535,109649,4038,17036,31.211738,7.398039,0.904000,453.332000,758.599000,735.974000,2367.569000,1,57,7ee3b0bc227b0aa52897233ba7938e446f7c63d6ba45d9436bf4d1b4f86372fd,true,44.360880,112.082640,237.608800
fixed-window,fixed-w256k-zstd-6-dedup,random-10000-00003,random-10000,MHC-GRCh38,MHC,3405920,3415920,10000,100,4096,2,0,2,242351,242351,0,16384,1535,225967,3595,14667,67.413352,16.523556,0.722000,942.867000,1745.983000,1593.733000,5642.303000,2,33,e3d68b87ffccb4b800e2d33eb61b5ead880093fa6e7acc844608a79084deae1e,true,47.462693,121.388080,268.626933
fixed-window,fixed-w256k-zstd-6-dedup,random-10000-00004,random-10000,MHC-GRCh38,MHC,292664,302664,10000,100,4096,2,0,2,153052,153052,0,16384,1535,136668,5273,30494,29.025602,5.019086,0.773000,603.182000,1362.666000,1618.962000,4235.228000,1,191,c92e8dfca12914199b3963cd6ef7b4a904faf713b505df888eeec6cf7c1fbae3,true,45.081387,114.244160,244.813867
fixed-window,fixed-w256k-zstd-6-dedup,random-10000-00005,random-10000,MHC-GRCh38,MHC,2389603,2399603,10000,100,4096,2,0,2,234888,234888,0,16384,1535,218504,5093,29231,46.119772,8.035579,0.693000,1029.611000,3540.476000,3829.907000,10110.553000,1,178,5f5306feca5ab49a03c990170c527475bd6c49449f1927cb0d675ceb2ae11911,true,47.263680,120.791040,266.636800
fixed-window,fixed-w256k-zstd-6-dedup,random-10000-00006,random-10000,MHC-GRCh38,MHC,542027,552027,10000,100,4096,2,0,2,141622,141622,0,16384,1535,125238,4221,18725,33.551765,7.563258,1.512000,550.780000,1199.062000,1221.987000,3609.841000,1,74,f16715bee2a56c8c2784af99f7d3f3693e22336065908aa9271549d1d35f9786,true,44.776587,113.329760,241.765867
fixed-window,fixed-w256k-zstd-6-dedup,random-10000-00007,random-10000,MHC-GRCh38,MHC,4185669,4195669,10000,100,4096,2,0,2,1334117,1334117,0,16384,1535,1317733,13317,128437,100.181497,10.387326,0.737000,7838.197000,34321.700000,28920.502000,92743.629000,2,1170,85c69098d2911b7e6003d90847659c119df8a18e2207c8cdc3d72f5894d576c9,true,76.576453,208.729360,559.764533
fixed-window,fixed-w256k-zstd-6-dedup,random-10000-00008,random-10000,MHC-GRCh38,MHC,878649,888649,10000,100,4096,2,0,2,144623,144623,0,16384,1535,128239,5240,28208,27.599809,5.127021,0.804000,523.500000,1170.048000,1174.236000,3718.896000,1,164,95cdd4c8198d0235b09b1deafd6a4b64e49fc7a45f14e067d1aa541b938b7d02,true,44.856613,113.569840,242.566133
fixed-window,fixed-w256k-zstd-6-dedup,random-10000-00009,random-10000,MHC-GRCh38,MHC,2541935,2551935,10000,100,4096,2,0,2,234888,234888,0,16384,1535,218504,7006,49198,33.526691,4.774340,0.478000,1017.400000,3426.849000,3702.037000,9821.317000,1,378,eea2d4eb88aca6dcf6c4fe471c2c50678ad3c23800ae4b85272d58820810e48b,true,47.263680,120.791040,266.636800
fixed-window,fixed-w256k-zstd-6-dedup,random-100000-00000,random-100000,MHC-GRCh38,MHC,4262931,4362931,100000,100,4096,2,0,2,257373,257373,0,16384,1535,240989,53152,393053,4.842207,0.654805,0.550000,1317.030000,4361.009000,7681.780000,15555.452000,1,2892,befd5798f26d5c7b42d1717a5cfe86cf51b09dfc111ba1aae713cf80a449d48a,true,47.863280,122.589840,272.632800
fixed-window,fixed-w256k-zstd-6-dedup,random-100000-00001,random-100000,MHC-GRCh38,MHC,2031962,2131962,100000,100,4096,2,0,2,303012,303012,0,16384,1535,286628,33696,151055,8.992521,2.005971,1.757000,1216.718000,2999.033000,3636.940000,10426.830000,2,485,298779b47caf6fb56cd3bae009a7b724d447714231d6ef5bba143d0ba0d62ae6,true,49.080320,126.240960,284.803200
fixed-window,fixed-w256k-zstd-6-dedup,random-100000-00002,random-100000,MHC-GRCh38,MHC,1080439,1180439,100000,100,4096,2,0,2,227376,227376,0,16384,1535,210992,41056,237229,5.538192,0.958466,0.776000,1004.160000,3479.398000,5302.700000,11520.239000,1,1338,919458d9233d10d96757b231e92f6f517dd5007403b91e944381979f638a151c,true,47.063360,120.190080,264.633600
fixed-window,fixed-w256k-zstd-6-dedup,random-100000-00003,random-100000,MHC-GRCh38,MHC,864953,964953,100000,100,4096,2,0,2,144623,144623,0,16384,1535,128239,37923,185678,3.813596,0.778891,0.813000,532.492000,1068.801000,1949.196000,4117.328000,1,820,f6107225b0af1dcefff1164d0ebcc9060ac13a8f00bdd5973ebd3832eab8ae2c,true,44.856613,113.569840,242.566133
fixed-window,fixed-w256k-zstd-6-dedup,random-100000-00004,random-100000,MHC-GRCh38,MHC,4129708,4229708,100000,100,4096,2,0,2,1334117,1334117,0,16384,1535,1317733,143554,1664136,9.293485,0.801687,1.095000,7817.383000,33396.842000,53742.546000,116656.805000,2,15919,1386cc9557a3430593a42d82a4f8ee06e6ef3d3aaaeb97420f5ea050ab586a49,true,76.576453,208.729360,559.764533
fixed-window,fixed-w256k-zstd-6-dedup,random-100000-00005,random-100000,MHC-GRCh38,MHC,4502173,4602173,100000,100,4096,2,0,2,236760,236760,0,16384,1535,220376,58280,469823,4.062457,0.503934,0.803000,1138.681000,3974.876000,9549.135000,16988.214000,1,3665,7673b8a947f7fff0a7f89605e806df4c300c2c59ceb6140ecfed1f37f3ea8184,true,47.313600,120.940800,267.136000
fixed-window,fixed-w256k-zstd-6-dedup,random-100000-00006,random-100000,MHC-GRCh38,MHC,434533,534533,100000,100,4096,2,0,2,278290,278290,0,16384,1535,261906,37660,186899,7.389538,1.488986,0.826000,1135.113000,2584.355000,3741.720000,9529.830000,2,846,61b2ebdac5872792613dc1ff802aadbbd22e9c28c8ae067fffca0085d722305d,true,48.421067,124.263200,278.210667
fixed-window,fixed-w256k-zstd-6-dedup,random-100000-00007,random-100000,MHC-GRCh38,MHC,1813450,1913450,100000,100,4096,2,0,2,312948,312948,0,16384,1535,296564,42121,245093,7.429738,1.276854,0.772000,1276.943000,3279.614000,4979.468000,12294.125000,2,1420,5bd49a40268a771a3f3941b3cca19f2693e3d94f4fcc79f1781bff5a86d44474,true,49.345280,127.035840,287.452800
fixed-window,fixed-w256k-zstd-6-dedup,random-100000-00008,random-100000,MHC-GRCh38,MHC,898253,998253,100000,100,4096,2,0,2,144623,144623,0,16384,1535,128239,34657,147605,4.172981,0.979797,1.016000,530.881000,1104.283000,1344.861000,3548.913000,1,444,6f37807f43b3120ee8ab6e9d986088ca53183c089fd977eeb73eb6e3af745553,true,44.856613,113.569840,242.566133
fixed-window,fixed-w256k-zstd-6-dedup,random-100000-00009,random-100000,MHC-GRCh38,MHC,4231710,4331710,100000,100,4096,2,0,2,257373,257373,0,16384,1535,240989,56947,442213,4.519518,0.582011,0.749000,1361.436000,4646.157000,9124.754000,17347.409000,1,3379,ac378f0e421356116b75697d2300397d66eeff26cd5a6fcf9dee9f4791e9514a,true,47.863280,122.589840,272.632800
fixed-window,fixed-w256k-zstd-6-dedup,random-1000000-00000,random-1000000,MHC-GRCh38,MHC,994225,1994225,1000000,100,4096,2,0,2,970591,970591,0,16384,1535,954207,487060,3443303,1.992754,0.281878,1.509000,4636.057000,14162.118000,53185.585000,89360.688000,5,24980,e039d704c358bca65f992eff31cc093af09a0746282cd90f67eb0127375fd4ea,true,66.882427,179.647280,462.824267
fixed-window,fixed-w256k-zstd-6-dedup,random-1000000-00001,random-1000000,MHC-GRCh38,MHC,3053916,4053916,1000000,100,4096,2,0,2,1821578,1821578,0,16384,1535,1805194,531021,4205164,3.430331,0.433176,2.043000,9927.294000,38264.578000,92417.394000,186196.701000,5,33451,02b0cd494e49d7daad9c061e26bd5f30875e890011b40319ac8385b03468adb0,true,89.575413,247.726240,689.754133
fixed-window,fixed-w256k-zstd-6-dedup,random-1000000-00002,random-1000000,MHC-GRCh38,MHC,3662178,4662178,1000000,100,4096,2,0,2,1908657,1908657,0,16384,1535,1892273,860861,8344254,2.217149,0.228739,2.855000,10584.817000,41137.599000,167130.551000,271095.693000,5,75875,9f2f534dbeb6bc19fdb0aaddd7dcbbbf12f3244522db2b99cc0005bf57dcd7ca,true,91.897520,254.692560,712.975200
fixed-window,fixed-w256k-zstd-6-dedup,random-1000000-00003,random-1000000,MHC-GRCh38,MHC,1664410,2664410,1000000,100,4096,2,0,2,1136406,1136406,0,16384,1535,1120022,406527,2504865,2.795401,0.453680,1.630000,5533.091000,18852.430000,42244.062000,89514.639000,5,14806,503b4b8eeb4d6b89896360d25d9cf284431c6fb57279fa10a6bb4e837333cb36,true,71.304160,192.912480,507.041600
fixed-window,fixed-w256k-zstd-6-dedup,random-1000000-00004,random-1000000,MHC-GRCh38,MHC,3882446,4882446,1000000,100,4096,2,0,2,1912107,1912107,0,16384,1535,1895723,819361,7930076,2.333656,0.241121,2.817000,10650.877000,41677.640000,169641.201000,273415.013000,5,71788,6ee89cfcacf1b33a3922fb060df2a2c6eecf14744ab9c8e57fa06c90b10c8a7f,true,91.989520,254.968560,713.895200
fixed-window,fixed-w256k-zstd-6-dedup,random-1000000-00005,random-1000000,MHC-GRCh38,MHC,3946668,4946668,1000000,100,4096,2,0,2,1667592,1667592,0,16384,1535,1651208,798018,7639916,2.089667,0.218274,0.993000,10326.853000,40301.681000,161894.787000,241700.511000,4,68872,6ecc17a43d30f9682e54af7859498a82e49e925f11120bc92457d41d4a96b4fb,true,85.469120,235.407360,648.691200
fixed-window,fixed-w256k-zstd-6-dedup,random-1000000-00006,random-1000000,MHC-GRCh38,MHC,2514903,3514903,1000000,100,4096,2,0,2,1181908,1181908,0,16384,1535,1165524,541339,4331859,2.183305,0.272841,1.564000,6215.679000,21245.712000,77747.685000,129709.880000,5,33702,2eaba3ded88cbe0bc539b52cc4ebadfc160b0a7a4c53da1cee26f31fdc1fbb0a,true,72.517547,196.552640,519.175467
fixed-window,fixed-w256k-zstd-6-dedup,random-1000000-00007,random-1000000,MHC-GRCh38,MHC,1441302,2441302,1000000,100,4096,2,0,2,991733,991733,0,16384,1535,975349,396573,2355194,2.500758,0.421083,1.642000,4777.646000,15814.930000,36348.268000,71935.381000,5,13330,7fb2f354d42e738dc73f6f3403e942f8e5039fe5e0b6cceac898af8d2a410cd1,true,67.446213,181.338640,468.462133
fixed-window,fixed-w256k-zstd-6-dedup,random-1000000-00008,random-1000000,MHC-GRCh38,MHC,3577106,4577106,1000000,100,4096,2,0,2,1908657,1908657,0,16384,1535,1892273,834626,8107664,2.286841,0.235414,1.595000,10760.326000,41854.499000,162510.935000,267637.823000,5,73514,02fbe6e2d39e65f22196b639408caf4958d8e64401b51b4c559fdb2358a04813,true,91.897520,254.692560,712.975200
fixed-window,fixed-w256k-zstd-6-dedup,random-1000000-00009,random-1000000,MHC-GRCh38,MHC,3789056,4789056,1000000,100,4096,2,0,2,1912107,1912107,0,16384,1535,1895723,836879,8161676,2.284807,0.234279,2.737000,10700.692000,41589.825000,164483.495000,267107.448000,5,74064,c242949d8abb5b783df011e87a4db1ed019295ff1ca51b4af5982090d03ce42c,true,91.989520,254.968560,713.895200
fixed-window,fixed-w256k-zstd-6-dedup,random-1000-00000,random-1000,MHC-GRCh38,MHC,2654244,2655244,1000,100,16384,2,0,2,479469,479469,0,16384,1535,463085,964,4386,497.374481,109.318057,1.378000,2617.000000,11243.272000,9893.002000,29845.742000,1,20,7023756c327dfc42cc748fd0c699aba076a4fdd6e782fc68c4f9317650d78d1f,true,53.785840,140.357520,331.858400
fixed-window,fixed-w256k-zstd-6-dedup,random-1000-00001,random-1000,MHC-GRCh38,MHC,4897918,4898918,1000,100,16384,2,0,2,129483,129483,0,16384,1535,113099,1056,3724,122.616477,34.769871,0.838000,478.936000,891.726000,553.670000,2503.404000,1,5,0f3e26b2367cd8c927e3fcc74784b7c68afda5a708cdf28af6c3d6753b64b953,true,44.452880,112.358640,238.528800
fixed-window,fixed-w256k-zstd-6-dedup,random-1000-00002,random-1000,MHC-GRCh38,MHC,1758423,1759423,1000,100,16384,2,0,2,168189,168189,0,16384,1535,151805,712,2881,236.220506,58.378688,0.500000,651.849000,1652.327000,1496.119000,4670.385000,1,10,133fa0ebf1ed0843979635624467ecf79c6e162da236230f9bf2e6239a2b732e,true,45.485040,115.455120,248.850400
fixed-window,fixed-w256k-zstd-6-dedup,random-1000-00003,random-1000,MHC-GRCh38,MHC,3202374,3203374,1000,100,16384,2,0,2,132702,132702,0,16384,1535,116318,957,3465,138.664577,38.297835,0.712000,489.758000,856.904000,569.206000,2360.518000,1,5,a206c9ece5e07726bb5b39e6657386c6246a99f8a3ab498cc78130719bfc8341,true,44.538720,112.616160,239.387200
fixed-window,fixed-w256k-zstd-6-dedup,random-1000-00004,random-1000,MHC-GRCh38,MHC,1529093,1530093,1000,100,16384,2,0,2,334796,334796,0,16384,1535,318412,742,2774,451.207547,120.690699,0.518000,1811.988000,6764.437000,5953.160000,18104.059000,1,7,9eeefc2c27475e650e4092df95a3b58017919691e0a971867d5f0c4f1d41b4a7,true,49.927893,128.783680,293.278933
fixed-window,fixed-w256k-zstd-6-dedup,random-1000-00005,random-1000,MHC-GRCh38,MHC,999079,1000079,1000,100,16384,2,0,2,144623,144623,0,16384,1535,128239,876,4021,165.094749,35.966924,1.050000,525.448000,1082.271000,913.177000,3141.737000,1,19,1a08adc0028aaf4bf93c8c4778378eb76cf8c8cbbb782f9c0496f0ac41df5129,true,44.856613,113.569840,242.566133
fixed-window,fixed-w256k-zstd-6-dedup,random-1000-00006,random-1000,MHC-GRCh38,MHC,4410732,4411732,1000,100,16384,2,0,2,257373,257373,0,16384,1535,240989,697,2710,369.258250,94.971587,1.203000,1333.864000,4634.011000,3727.112000,11948.071000,1,7,094f362cd65ffce3015be03603ec8e8c1ed6dcf943f687870ebde814eca7e69b,true,47.863280,122.589840,272.632800
fixed-window,fixed-w256k-zstd-6-dedup,random-1000-00007,random-1000,MHC-GRCh38,MHC,2388877,2389877,1000,100,16384,2,0,2,234888,234888,0,16384,1535,218504,769,2947,305.446034,79.704106,0.931000,1029.247000,3537.980000,3237.155000,9528.687000,1,7,b4a99b0d35f06ec587a0c4126c82f9477599b85bd0802556fd4e43d6d4593233,true,47.263680,120.791040,266.636800
fixed-window,fixed-w256k-zstd-6-dedup,random-1000-00008,random-1000,MHC-GRCh38,MHC,844767,845767,1000,100,16384,2,0,2,144623,144623,0,16384,1535,128239,745,3007,194.124832,48.095444,0.840000,531.398000,1067.742000,784.438000,2922.830000,1,10,ca775f09bf2a4a71b20e212b071ec8184f09136e111d888201e742f942c3a638,true,44.856613,113.569840,242.566133
fixed-window,fixed-w256k-zstd-6-dedup,random-1000-00009,random-1000,MHC-GRCh38,MHC,3227097,3228097,1000,100,16384,2,0,2,132702,132702,0,16384,1535,116318,701,2531,189.303852,52.430660,0.541000,485.314000,803.182000,531.342000,2187.982000,1,4,0255a889f5167fbf3a955d8155ad751b4570581dfb0e9bc2cdea6ae7ea4670ac,true,44.538720,112.616160,239.387200
fixed-window,fixed-w256k-zstd-6-dedup,random-10000-00000,random-10000,MHC-GRCh38,MHC,3078533,3088533,10000,100,16384,2,0,2,274352,274352,0,16384,1535,257968,4326,21433,63.419325,12.800448,0.448000,1239.982000,4403.370000,4104.705000,11938.827000,1,97,dc43b95c88885288ca814cae4378ab3fb571c5e1dfea4d8ed03d04722fc4c29b,true,48.316053,123.948160,277.160533
fixed-window,fixed-w256k-zstd-6-dedup,random-10000-00001,random-10000,MHC-GRCh38,MHC,2465757,2475757,10000,100,16384,2,0,2,234888,234888,0,16384,1535,218504,4983,27047,47.137869,8.684438,0.740000,1024.142000,3514.916000,3795.785000,10122.541000,1,160,20b86cc9f9e11e316321a49147f44632b0f28c77313432f361cefe6f65278e65,true,47.263680,120.791040,266.636800
fixed-window,fixed-w256k-zstd-6-dedup,random-10000-00002,random-10000,MHC-GRCh38,MHC,3576984,3586984,10000,100,16384,2,0,2,126033,126033,0,16384,1535,109649,4038,17036,31.211738,7.398039,0.898000,450.918000,765.247000,578.272000,2207.589000,1,57,7ee3b0bc227b0aa52897233ba7938e446f7c63d6ba45d9436bf4d1b4f86372fd,true,44.360880,112.082640,237.608800
fixed-window,fixed-w256k-zstd-6-dedup,random-10000-00003,random-10000,MHC-GRCh38,MHC,3405920,3415920,10000,100,16384,2,0,2,242351,242351,0,16384,1535,225967,3595,14667,67.413352,16.523556,0.559000,926.764000,1526.986000,1631.598000,5390.141000,2,33,e3d68b87ffccb4b800e2d33eb61b5ead880093fa6e7acc844608a79084deae1e,true,47.462693,121.388080,268.626933
fixed-window,fixed-w256k-zstd-6-dedup,random-10000-00004,random-10000,MHC-GRCh38,MHC,292664,302664,10000,100,16384,2,0,2,153052,153052,0,16384,1535,136668,5273,30494,29.025602,5.019086,0.756000,604.106000,1408.622000,1538.141000,4262.857000,1,191,c92e8dfca12914199b3963cd6ef7b4a904faf713b505df888eeec6cf7c1fbae3,true,45.081387,114.244160,244.813867
fixed-window,fixed-w256k-zstd-6-dedup,random-10000-00005,random-10000,MHC-GRCh38,MHC,2389603,2399603,10000,100,16384,2,0,2,234888,234888,0,16384,1535,218504,5093,29231,46.119772,8.035579,0.462000,1020.591000,3558.213000,3506.863000,9817.976000,1,178,5f5306feca5ab49a03c990170c527475bd6c49449f1927cb0d675ceb2ae11911,true,47.263680,120.791040,266.636800
fixed-window,fixed-w256k-zstd-6-dedup,random-10000-00006,random-10000,MHC-GRCh38,MHC,542027,552027,10000,100,16384,2,0,2,141622,141622,0,16384,1535,125238,4221,18725,33.551765,7.563258,0.646000,541.796000,1116.063000,1148.578000,3410.837000,1,74,f16715bee2a56c8c2784af99f7d3f3693e22336065908aa9271549d1d35f9786,true,44.776587,113.329760,241.765867
fixed-window,fixed-w256k-zstd-6-dedup,random-10000-00007,random-10000,MHC-GRCh38,MHC,4185669,4195669,10000,100,16384,2,0,2,1334117,1334117,0,16384,1535,1317733,13317,128437,100.181497,10.387326,0.788000,7853.692000,33471.210000,29599.682000,92469.455000,2,1170,85c69098d2911b7e6003d90847659c119df8a18e2207c8cdc3d72f5894d576c9,true,76.576453,208.729360,559.764533
fixed-window,fixed-w256k-zstd-6-dedup,random-10000-00008,random-10000,MHC-GRCh38,MHC,878649,888649,10000,100,16384,2,0,2,144623,144623,0,16384,1535,128239,5240,28208,27.599809,5.127021,1.153000,529.257000,1545.285000,1235.805000,4300.610000,1,164,95cdd4c8198d0235b09b1deafd6a4b64e49fc7a45f14e067d1aa541b938b7d02,true,44.856613,113.569840,242.566133
fixed-window,fixed-w256k-zstd-6-dedup,random-10000-00009,random-10000,MHC-GRCh38,MHC,2541935,2551935,10000,100,16384,2,0,2,234888,234888,0,16384,1535,218504,7006,49198,33.526691,4.774340,0.634000,1025.423000,3642.757000,4300.770000,10817.849000,1,378,eea2d4eb88aca6dcf6c4fe471c2c50678ad3c23800ae4b85272d58820810e48b,true,47.263680,120.791040,266.636800
fixed-window,fixed-w256k-zstd-6-dedup,random-100000-00000,random-100000,MHC-GRCh38,MHC,4262931,4362931,100000,100,16384,2,0,2,257373,257373,0,16384,1535,240989,53152,393053,4.842207,0.654805,0.695000,1330.644000,4591.309000,8502.580000,16767.021000,1,2892,befd5798f26d5c7b42d1717a5cfe86cf51b09dfc111ba1aae713cf80a449d48a,true,47.863280,122.589840,272.632800
fixed-window,fixed-w256k-zstd-6-dedup,random-100000-00001,random-100000,MHC-GRCh38,MHC,2031962,2131962,100000,100,16384,2,0,2,303012,303012,0,16384,1535,286628,33696,151055,8.992521,2.005971,1.540000,1237.484000,3147.917000,3716.275000,10894.906000,2,485,298779b47caf6fb56cd3bae009a7b724d447714231d6ef5bba143d0ba0d62ae6,true,49.080320,126.240960,284.803200
fixed-window,fixed-w256k-zstd-6-dedup,random-100000-00002,random-100000,MHC-GRCh38,MHC,1080439,1180439,100000,100,16384,2,0,2,227376,227376,0,16384,1535,210992,41056,237229,5.538192,0.958466,0.784000,1016.758000,3579.219000,5823.980000,12338.761000,1,1338,919458d9233d10d96757b231e92f6f517dd5007403b91e944381979f638a151c,true,47.063360,120.190080,264.633600
fixed-window,fixed-w256k-zstd-6-dedup,random-100000-00003,random-100000,MHC-GRCh38,MHC,864953,964953,100000,100,16384,2,0,2,144623,144623,0,16384,1535,128239,37923,185678,3.813596,0.778891,0.872000,529.001000,1140.266000,2222.597000,4553.180000,1,820,f6107225b0af1dcefff1164d0ebcc9060ac13a8f00bdd5973ebd3832eab8ae2c,true,44.856613,113.569840,242.566133
fixed-window,fixed-w256k-zstd-6-dedup,random-100000-00004,random-100000,MHC-GRCh38,MHC,4129708,4229708,100000,100,16384,2,0,2,1334117,1334117,0,16384,1535,1317733,143554,1664136,9.293485,0.801687,1.592000,7999.248000,33508.412000,53746.817000,116940.636000,2,15919,1386cc9557a3430593a42d82a4f8ee06e6ef3d3aaaeb97420f5ea050ab586a49,true,76.576453,208.729360,559.764533
fixed-window,fixed-w256k-zstd-6-dedup,random-100000-00005,random-100000,MHC-GRCh38,MHC,4502173,4602173,100000,100,16384,2,0,2,236760,236760,0,16384,1535,220376,58280,469823,4.062457,0.503934,0.709000,1156.310000,3988.304000,9163.197000,16551.062000,1,3665,7673b8a947f7fff0a7f89605e806df4c300c2c59ceb6140ecfed1f37f3ea8184,true,47.313600,120.940800,267.136000
fixed-window,fixed-w256k-zstd-6-dedup,random-100000-00006,random-100000,MHC-GRCh38,MHC,434533,534533,100000,100,16384,2,0,2,278290,278290,0,16384,1535,261906,37660,186899,7.389538,1.488986,1.390000,1136.030000,2504.347000,3810.617000,9429.773000,2,846,61b2ebdac5872792613dc1ff802aadbbd22e9c28c8ae067fffca0085d722305d,true,48.421067,124.263200,278.210667
fixed-window,fixed-w256k-zstd-6-dedup,random-100000-00007,random-100000,MHC-GRCh38,MHC,1813450,1913450,100000,100,16384,2,0,2,312948,312948,0,16384,1535,296564,42121,245093,7.429738,1.276854,62.565000,1283.780000,3242.947000,5088.332000,12372.566000,2,1420,5bd49a40268a771a3f3941b3cca19f2693e3d94f4fcc79f1781bff5a86d44474,true,49.345280,127.035840,287.452800
fixed-window,fixed-w256k-zstd-6-dedup,random-100000-00008,random-100000,MHC-GRCh38,MHC,898253,998253,100000,100,16384,2,0,2,144623,144623,0,16384,1535,128239,34657,147605,4.172981,0.979797,0.818000,528.556000,1111.412000,1569.164000,3792.411000,1,444,6f37807f43b3120ee8ab6e9d986088ca53183c089fd977eeb73eb6e3af745553,true,44.856613,113.569840,242.566133
fixed-window,fixed-w256k-zstd-6-dedup,random-100000-00009,random-100000,MHC-GRCh38,MHC,4231710,4331710,100000,100,16384,2,0,2,257373,257373,0,16384,1535,240989,56947,442213,4.519518,0.582011,0.818000,1363.635000,4942.918000,9195.822000,17810.844000,1,3379,ac378f0e421356116b75697d2300397d66eeff26cd5a6fcf9dee9f4791e9514a,true,47.863280,122.589840,272.632800
fixed-window,fixed-w256k-zstd-6-dedup,random-1000000-00000,random-1000000,MHC-GRCh38,MHC,994225,1994225,1000000,100,16384,2,0,2,970591,970591,0,16384,1535,954207,487060,3443303,1.992754,0.281878,1.351000,4527.170000,14147.395000,53874.307000,89587.757000,5,24980,e039d704c358bca65f992eff31cc093af09a0746282cd90f67eb0127375fd4ea,true,66.882427,179.647280,462.824267
fixed-window,fixed-w256k-zstd-6-dedup,random-1000000-00001,random-1000000,MHC-GRCh38,MHC,3053916,4053916,1000000,100,16384,2,0,2,1821578,1821578,0,16384,1535,1805194,531021,4205164,3.430331,0.433176,1.830000,9904.157000,38238.291000,100260.667000,193885.180000,5,33451,02b0cd494e49d7daad9c061e26bd5f30875e890011b40319ac8385b03468adb0,true,89.575413,247.726240,689.754133
fixed-window,fixed-w256k-zstd-6-dedup,random-1000000-00002,random-1000000,MHC-GRCh38,MHC,3662178,4662178,1000000,100,16384,2,0,2,1908657,1908657,0,16384,1535,1892273,860861,8344254,2.217149,0.228739,2.254000,10622.550000,41071.389000,166655.884000,270794.650000,5,75875,9f2f534dbeb6bc19fdb0aaddd7dcbbbf12f3244522db2b99cc0005bf57dcd7ca,true,91.897520,254.692560,712.975200
fixed-window,fixed-w256k-zstd-6-dedup,random-1000000-00003,random-1000000,MHC-GRCh38,MHC,1664410,2664410,1000000,100,16384,2,0,2,1136406,1136406,0,16384,1535,1120022,406527,2504865,2.795401,0.453680,2.058000,5771.424000,18714.241000,44128.686000,91874.249000,5,14806,503b4b8eeb4d6b89896360d25d9cf284431c6fb57279fa10a6bb4e837333cb36,true,71.304160,192.912480,507.041600
fixed-window,fixed-w256k-zstd-6-dedup,random-1000000-00004,random-1000000,MHC-GRCh38,MHC,3882446,4882446,1000000,100,16384,2,0,2,1912107,1912107,0,16384,1535,1895723,819361,7930076,2.333656,0.241121,2.452000,11343.594000,45712.345000,193118.574000,302981.102000,5,71788,6ee89cfcacf1b33a3922fb060df2a2c6eecf14744ab9c8e57fa06c90b10c8a7f,true,91.989520,254.968560,713.895200
fixed-window,fixed-w256k-zstd-6-dedup,random-1000000-00005,random-1000000,MHC-GRCh38,MHC,3946668,4946668,1000000,100,16384,2,0,2,1667592,1667592,0,16384,1535,1651208,798018,7639916,2.089667,0.218274,1.596000,9768.795000,38537.489000,154991.268000,231534.883000,4,68872,6ecc17a43d30f9682e54af7859498a82e49e925f11120bc92457d41d4a96b4fb,true,85.469120,235.407360,648.691200
fixed-window,fixed-w256k-zstd-6-dedup,random-1000000-00006,random-1000000,MHC-GRCh38,MHC,2514903,3514903,1000000,100,16384,2,0,2,1181908,1181908,0,16384,1535,1165524,541339,4331859,2.183305,0.272841,3.736000,6126.494000,20229.715000,74768.259000,124431.507000,5,33702,2eaba3ded88cbe0bc539b52cc4ebadfc160b0a7a4c53da1cee26f31fdc1fbb0a,true,72.517547,196.552640,519.175467
fixed-window,fixed-w256k-zstd-6-dedup,random-1000000-00007,random-1000000,MHC-GRCh38,MHC,1441302,2441302,1000000,100,16384,2,0,2,991733,991733,0,16384,1535,975349,396573,2355194,2.500758,0.421083,1.991000,4671.893000,14889.927000,35330.066000,69681.883000,5,13330,7fb2f354d42e738dc73f6f3403e942f8e5039fe5e0b6cceac898af8d2a410cd1,true,67.446213,181.338640,468.462133
fixed-window,fixed-w256k-zstd-6-dedup,random-1000000-00008,random-1000000,MHC-GRCh38,MHC,3577106,4577106,1000000,100,16384,2,0,2,1908657,1908657,0,16384,1535,1892273,834626,8107664,2.286841,0.235414,1.886000,10675.612000,41245.575000,163907.123000,268539.330000,5,73514,02fbe6e2d39e65f22196b639408caf4958d8e64401b51b4c559fdb2358a04813,true,91.897520,254.692560,712.975200
fixed-window,fixed-w256k-zstd-6-dedup,random-1000000-00009,random-1000000,MHC-GRCh38,MHC,3789056,4789056,1000000,100,16384,2,0,2,1912107,1912107,0,16384,1535,1895723,836879,8161676,2.284807,0.234279,1.766000,10772.356000,41761.206000,166008.265000,269015.018000,5,74064,c242949d8abb5b783df011e87a4db1ed019295ff1ca51b4af5982090d03ce42c,true,91.989520,254.968560,713.895200
fixed-window,fixed-w256k-zstd-6-dedup,random-1000-00000,random-1000,MHC-GRCh38,MHC,2654244,2655244,1000,100,65536,2,0,2,479469,479469,0,16384,1535,463085,964,4386,497.374481,109.318057,0.990000,2618.552000,11130.527000,9967.828000,29748.824000,1,20,7023756c327dfc42cc748fd0c699aba076a4fdd6e782fc68c4f9317650d78d1f,true,53.785840,140.357520,331.858400
fixed-window,fixed-w256k-zstd-6-dedup,random-1000-00001,random-1000,MHC-GRCh38,MHC,4897918,4898918,1000,100,65536,2,0,2,129483,129483,0,16384,1535,113099,1056,3724,122.616477,34.769871,0.812000,477.202000,848.634000,507.575000,2369.878000,1,5,0f3e26b2367cd8c927e3fcc74784b7c68afda5a708cdf28af6c3d6753b64b953,true,44.452880,112.358640,238.528800
fixed-window,fixed-w256k-zstd-6-dedup,random-1000-00002,random-1000,MHC-GRCh38,MHC,1758423,1759423,1000,100,65536,2,0,2,168189,168189,0,16384,1535,151805,712,2881,236.220506,58.378688,0.572000,662.890000,1769.697000,1435.709000,4738.476000,1,10,133fa0ebf1ed0843979635624467ecf79c6e162da236230f9bf2e6239a2b732e,true,45.485040,115.455120,248.850400
fixed-window,fixed-w256k-zstd-6-dedup,random-1000-00003,random-1000,MHC-GRCh38,MHC,3202374,3203374,1000,100,65536,2,0,2,132702,132702,0,16384,1535,116318,957,3465,138.664577,38.297835,0.761000,489.470000,810.747000,536.516000,2280.688000,1,5,a206c9ece5e07726bb5b39e6657386c6246a99f8a3ab498cc78130719bfc8341,true,44.538720,112.616160,239.387200
fixed-window,fixed-w256k-zstd-6-dedup,random-1000-00004,random-1000,MHC-GRCh38,MHC,1529093,1530093,1000,100,65536,2,0,2,334796,334796,0,16384,1535,318412,742,2774,451.207547,120.690699,0.682000,1710.823000,6810.846000,6052.236000,18120.703000,1,7,9eeefc2c27475e650e4092df95a3b58017919691e0a971867d5f0c4f1d41b4a7,true,49.927893,128.783680,293.278933
fixed-window,fixed-w256k-zstd-6-dedup,random-1000-00005,random-1000,MHC-GRCh38,MHC,999079,1000079,1000,100,65536,2,0,2,144623,144623,0,16384,1535,128239,876,4021,165.094749,35.966924,1.015000,569.280000,1099.252000,1105.053000,3408.679000,1,19,1a08adc0028aaf4bf93c8c4778378eb76cf8c8cbbb782f9c0496f0ac41df5129,true,44.856613,113.569840,242.566133
fixed-window,fixed-w256k-zstd-6-dedup,random-1000-00006,random-1000,MHC-GRCh38,MHC,4410732,4411732,1000,100,65536,2,0,2,257373,257373,0,16384,1535,240989,697,2710,369.258250,94.971587,1.113000,1382.727000,4865.229000,4265.085000,12849.690000,1,7,094f362cd65ffce3015be03603ec8e8c1ed6dcf943f687870ebde814eca7e69b,true,47.863280,122.589840,272.632800
fixed-window,fixed-w256k-zstd-6-dedup,random-1000-00007,random-1000,MHC-GRCh38,MHC,2388877,2389877,1000,100,65536,2,0,2,234888,234888,0,16384,1535,218504,769,2947,305.446034,79.704106,0.747000,1060.438000,3643.698000,3258.123000,9831.428000,1,7,b4a99b0d35f06ec587a0c4126c82f9477599b85bd0802556fd4e43d6d4593233,true,47.263680,120.791040,266.636800
fixed-window,fixed-w256k-zstd-6-dedup,random-1000-00008,random-1000,MHC-GRCh38,MHC,844767,845767,1000,100,65536,2,0,2,144623,144623,0,16384,1535,128239,745,3007,194.124832,48.095444,1.176000,525.782000,1070.980000,789.256000,2926.708000,1,10,ca775f09bf2a4a71b20e212b071ec8184f09136e111d888201e742f942c3a638,true,44.856613,113.569840,242.566133
fixed-window,fixed-w256k-zstd-6-dedup,random-1000-00009,random-1000,MHC-GRCh38,MHC,3227097,3228097,1000,100,65536,2,0,2,132702,132702,0,16384,1535,116318,701,2531,189.303852,52.430660,0.461000,485.248000,835.049000,634.728000,2341.658000,1,4,0255a889f5167fbf3a955d8155ad751b4570581dfb0e9bc2cdea6ae7ea4670ac,true,44.538720,112.616160,239.387200
fixed-window,fixed-w256k-zstd-6-dedup,random-10000-00000,random-10000,MHC-GRCh38,MHC,3078533,3088533,10000,100,65536,2,0,2,274352,274352,0,16384,1535,257968,4326,21433,63.419325,12.800448,0.666000,1221.518000,4333.038000,4088.522000,11790.942000,1,97,dc43b95c88885288ca814cae4378ab3fb571c5e1dfea4d8ed03d04722fc4c29b,true,48.316053,123.948160,277.160533
fixed-window,fixed-w256k-zstd-6-dedup,random-10000-00001,random-10000,MHC-GRCh38,MHC,2465757,2475757,10000,100,65536,2,0,2,234888,234888,0,16384,1535,218504,4983,27047,47.137869,8.684438,0.693000,1074.080000,3497.397000,3881.795000,10263.930000,1,160,20b86cc9f9e11e316321a49147f44632b0f28c77313432f361cefe6f65278e65,true,47.263680,120.791040,266.636800
fixed-window,fixed-w256k-zstd-6-dedup,random-10000-00002,random-10000,MHC-GRCh38,MHC,3576984,3586984,10000,100,65536,2,0,2,126033,126033,0,16384,1535,109649,4038,17036,31.211738,7.398039,1.430000,453.546000,790.989000,642.306000,2326.641000,1,57,7ee3b0bc227b0aa52897233ba7938e446f7c63d6ba45d9436bf4d1b4f86372fd,true,44.360880,112.082640,237.608800
fixed-window,fixed-w256k-zstd-6-dedup,random-10000-00003,random-10000,MHC-GRCh38,MHC,3405920,3415920,10000,100,65536,2,0,2,242351,242351,0,16384,1535,225967,3595,14667,67.413352,16.523556,0.963000,938.059000,1651.619000,1475.853000,5372.110000,2,33,e3d68b87ffccb4b800e2d33eb61b5ead880093fa6e7acc844608a79084deae1e,true,47.462693,121.388080,268.626933
fixed-window,fixed-w256k-zstd-6-dedup,random-10000-00004,random-10000,MHC-GRCh38,MHC,292664,302664,10000,100,65536,2,0,2,153052,153052,0,16384,1535,136668,5273,30494,29.025602,5.019086,0.642000,634.480000,1415.723000,1657.006000,4371.653000,1,191,c92e8dfca12914199b3963cd6ef7b4a904faf713b505df888eeec6cf7c1fbae3,true,45.081387,114.244160,244.813867
fixed-window,fixed-w256k-zstd-6-dedup,random-10000-00005,random-10000,MHC-GRCh38,MHC,2389603,2399603,10000,100,65536,2,0,2,234888,234888,0,16384,1535,218504,5093,29231,46.119772,8.035579,0.772000,1032.639000,3520.117000,3891.572000,10168.209000,1,178,5f5306feca5ab49a03c990170c527475bd6c49449f1927cb0d675ceb2ae11911,true,47.263680,120.791040,266.636800
fixed-window,fixed-w256k-zstd-6-dedup,random-10000-00006,random-10000,MHC-GRCh38,MHC,542027,552027,10000,100,65536,2,0,2,141622,141622,0,16384,1535,125238,4221,18725,33.551765,7.563258,0.702000,544.102000,1102.225000,979.131000,3178.098000,1,74,f16715bee2a56c8c2784af99f7d3f3693e22336065908aa9271549d1d35f9786,true,44.776587,113.329760,241.765867
fixed-window,fixed-w256k-zstd-6-dedup,random-10000-00007,random-10000,MHC-GRCh38,MHC,4185669,4195669,10000,100,65536,2,0,2,1334117,1334117,0,16384,1535,1317733,13317,128437,100.181497,10.387326,0.579000,7918.201000,33460.227000,29522.335000,92335.289000,2,1170,85c69098d2911b7e6003d90847659c119df8a18e2207c8cdc3d72f5894d576c9,true,76.576453,208.729360,559.764533
fixed-window,fixed-w256k-zstd-6-dedup,random-10000-00008,random-10000,MHC-GRCh38,MHC,878649,888649,10000,100,65536,2,0,2,144623,144623,0,16384,1535,128239,5240,28208,27.599809,5.127021,1.019000,530.063000,1192.962000,1154.660000,3707.109000,1,164,95cdd4c8198d0235b09b1deafd6a4b64e49fc7a45f14e067d1aa541b938b7d02,true,44.856613,113.569840,242.566133
fixed-window,fixed-w256k-zstd-6-dedup,random-10000-00009,random-10000,MHC-GRCh38,MHC,2541935,2551935,10000,100,65536,2,0,2,234888,234888,0,16384,1535,218504,7006,49198,33.526691,4.774340,1.110000,1021.053000,3507.110000,3784.969000,9981.096000,1,378,eea2d4eb88aca6dcf6c4fe471c2c50678ad3c23800ae4b85272d58820810e48b,true,47.263680,120.791040,266.636800
fixed-window,fixed-w256k-zstd-6-dedup,random-100000-00000,random-100000,MHC-GRCh38,MHC,4262931,4362931,100000,100,65536,2,0,2,257373,257373,0,16384,1535,240989,53152,393053,4.842207,0.654805,0.615000,1378.907000,4522.729000,8056.375000,16255.259000,1,2892,befd5798f26d5c7b42d1717a5cfe86cf51b09dfc111ba1aae713cf80a449d48a,true,47.863280,122.589840,272.632800
fixed-window,fixed-w256k-zstd-6-dedup,random-100000-00001,random-100000,MHC-GRCh38,MHC,2031962,2131962,100000,100,65536,2,0,2,303012,303012,0,16384,1535,286628,33696,151055,8.992521,2.005971,1.435000,1238.605000,3034.954000,3682.763000,10567.271000,2,485,298779b47caf6fb56cd3bae009a7b724d447714231d6ef5bba143d0ba0d62ae6,true,49.080320,126.240960,284.803200
fixed-window,fixed-w256k-zstd-6-dedup,random-100000-00002,random-100000,MHC-GRCh38,MHC,1080439,1180439,100000,100,65536,2,0,2,227376,227376,0,16384,1535,210992,41056,237229,5.538192,0.958466,0.977000,1008.813000,3447.906000,5737.619000,11979.050000,1,1338,919458d9233d10d96757b231e92f6f517dd5007403b91e944381979f638a151c,true,47.063360,120.190080,264.633600
fixed-window,fixed-w256k-zstd-6-dedup,random-100000-00003,random-100000,MHC-GRCh38,MHC,864953,964953,100000,100,65536,2,0,2,144623,144623,0,16384,1535,128239,37923,185678,3.813596,0.778891,0.793000,527.763000,1149.871000,2083.720000,4383.847000,1,820,f6107225b0af1dcefff1164d0ebcc9060ac13a8f00bdd5973ebd3832eab8ae2c,true,44.856613,113.569840,242.566133
fixed-window,fixed-w256k-zstd-6-dedup,random-100000-00004,random-100000,MHC-GRCh38,MHC,4129708,4229708,100000,100,65536,2,0,2,1334117,1334117,0,16384,1535,1317733,143554,1664136,9.293485,0.801687,0.808000,7942.885000,33308.715000,53234.397000,116008.928000,2,15919,1386cc9557a3430593a42d82a4f8ee06e6ef3d3aaaeb97420f5ea050ab586a49,true,76.576453,208.729360,559.764533
fixed-window,fixed-w256k-zstd-6-dedup,random-100000-00005,random-100000,MHC-GRCh38,MHC,4502173,4602173,100000,100,65536,2,0,2,236760,236760,0,16384,1535,220376,58280,469823,4.062457,0.503934,1.112000,1132.770000,3943.869000,9110.296000,16429.939000,1,3665,7673b8a947f7fff0a7f89605e806df4c300c2c59ceb6140ecfed1f37f3ea8184,true,47.313600,120.940800,267.136000
fixed-window,fixed-w256k-zstd-6-dedup,random-100000-00006,random-100000,MHC-GRCh38,MHC,434533,534533,100000,100,65536,2,0,2,278290,278290,0,16384,1535,261906,37660,186899,7.389538,1.488986,1.106000,1136.263000,2535.843000,3794.887000,9482.390000,2,846,61b2ebdac5872792613dc1ff802aadbbd22e9c28c8ae067fffca0085d722305d,true,48.421067,124.263200,278.210667
fixed-window,fixed-w256k-zstd-6-dedup,random-100000-00007,random-100000,MHC-GRCh38,MHC,1813450,1913450,100000,100,65536,2,0,2,312948,312948,0,16384,1535,296564,42121,245093,7.429738,1.276854,1.325000,1275.033000,3292.475000,4958.324000,12310.906000,2,1420,5bd49a40268a771a3f3941b3cca19f2693e3d94f4fcc79f1781bff5a86d44474,true,49.345280,127.035840,287.452800
fixed-window,fixed-w256k-zstd-6-dedup,random-100000-00008,random-100000,MHC-GRCh38,MHC,898253,998253,100000,100,65536,2,0,2,144623,144623,0,16384,1535,128239,34657,147605,4.172981,0.979797,1.578000,583.813000,1196.953000,1462.600000,3923.417000,1,444,6f37807f43b3120ee8ab6e9d986088ca53183c089fd977eeb73eb6e3af745553,true,44.856613,113.569840,242.566133
fixed-window,fixed-w256k-zstd-6-dedup,random-100000-00009,random-100000,MHC-GRCh38,MHC,4231710,4331710,100000,100,65536,2,0,2,257373,257373,0,16384,1535,240989,56947,442213,4.519518,0.582011,0.581000,1346.341000,4796.321000,9257.440000,17672.039000,1,3379,ac378f0e421356116b75697d2300397d66eeff26cd5a6fcf9dee9f4791e9514a,true,47.863280,122.589840,272.632800
fixed-window,fixed-w256k-zstd-6-dedup,random-1000000-00000,random-1000000,MHC-GRCh38,MHC,994225,1994225,1000000,100,65536,2,0,2,970591,970591,0,16384,1535,954207,487060,3443303,1.992754,0.281878,1.913000,4569.752000,14179.554000,55162.379000,91203.405000,5,24980,e039d704c358bca65f992eff31cc093af09a0746282cd90f67eb0127375fd4ea,true,66.882427,179.647280,462.824267
fixed-window,fixed-w256k-zstd-6-dedup,random-1000000-00001,random-1000000,MHC-GRCh38,MHC,3053916,4053916,1000000,100,65536,2,0,2,1821578,1821578,0,16384,1535,1805194,531021,4205164,3.430331,0.433176,2.149000,10008.790000,39033.469000,94586.115000,190004.465000,5,33451,02b0cd494e49d7daad9c061e26bd5f30875e890011b40319ac8385b03468adb0,true,89.575413,247.726240,689.754133
fixed-window,fixed-w256k-zstd-6-dedup,random-1000000-00002,random-1000000,MHC-GRCh38,MHC,3662178,4662178,1000000,100,65536,2,0,2,1908657,1908657,0,16384,1535,1892273,860861,8344254,2.217149,0.228739,1.786000,10789.912000,41549.348000,169119.839000,274091.602000,5,75875,9f2f534dbeb6bc19fdb0aaddd7dcbbbf12f3244522db2b99cc0005bf57dcd7ca,true,91.897520,254.692560,712.975200
fixed-window,fixed-w256k-zstd-6-dedup,random-1000000-00003,random-1000000,MHC-GRCh38,MHC,1664410,2664410,1000000,100,65536,2,0,2,1136406,1136406,0,16384,1535,1120022,406527,2504865,2.795401,0.453680,1.638000,5940.541000,19271.716000,42510.127000,91013.655000,5,14806,503b4b8eeb4d6b89896360d25d9cf284431c6fb57279fa10a6bb4e837333cb36,true,71.304160,192.912480,507.041600
fixed-window,fixed-w256k-zstd-6-dedup,random-1000000-00004,random-1000000,MHC-GRCh38,MHC,3882446,4882446,1000000,100,65536,2,0,2,1912107,1912107,0,16384,1535,1895723,819361,7930076,2.333656,0.241121,2.191000,10806.860000,41788.255000,167685.847000,271419.056000,5,71788,6ee89cfcacf1b33a3922fb060df2a2c6eecf14744ab9c8e57fa06c90b10c8a7f,true,91.989520,254.968560,713.895200
fixed-window,fixed-w256k-zstd-6-dedup,random-1000000-00005,random-1000000,MHC-GRCh38,MHC,3946668,4946668,1000000,100,65536,2,0,2,1667592,1667592,0,16384,1535,1651208,798018,7639916,2.089667,0.218274,1.291000,9841.948000,38308.975000,157990.851000,234935.243000,4,68872,6ecc17a43d30f9682e54af7859498a82e49e925f11120bc92457d41d4a96b4fb,true,85.469120,235.407360,648.691200
fixed-window,fixed-w256k-zstd-6-dedup,random-1000000-00006,random-1000000,MHC-GRCh38,MHC,2514903,3514903,1000000,100,65536,2,0,2,1181908,1181908,0,16384,1535,1165524,541339,4331859,2.183305,0.272841,2.294000,6105.459000,20234.518000,75415.422000,124882.691000,5,33702,2eaba3ded88cbe0bc539b52cc4ebadfc160b0a7a4c53da1cee26f31fdc1fbb0a,true,72.517547,196.552640,519.175467
fixed-window,fixed-w256k-zstd-6-dedup,random-1000000-00007,random-1000000,MHC-GRCh38,MHC,1441302,2441302,1000000,100,65536,2,0,2,991733,991733,0,16384,1535,975349,396573,2355194,2.500758,0.421083,2.396000,4889.964000,14898.477000,34770.921000,68998.233000,5,13330,7fb2f354d42e738dc73f6f3403e942f8e5039fe5e0b6cceac898af8d2a410cd1,true,67.446213,181.338640,468.462133
fixed-window,fixed-w256k-zstd-6-dedup,random-1000000-00008,random-1000000,MHC-GRCh38,MHC,3577106,4577106,1000000,100,65536,2,0,2,1908657,1908657,0,16384,1535,1892273,834626,8107664,2.286841,0.235414,2.296000,10924.941000,41438.405000,169679.697000,274904.600000,5,73514,02fbe6e2d39e65f22196b639408caf4958d8e64401b51b4c559fdb2358a04813,true,91.897520,254.692560,712.975200
fixed-window,fixed-w256k-zstd-6-dedup,random-1000000-00009,random-1000000,MHC-GRCh38,MHC,3789056,4789056,1000000,100,65536,2,0,2,1912107,1912107,0,16384,1535,1895723,836879,8161676,2.284807,0.234279,2.268000,11402.527000,43096.223000,175407.018000,283680.261000,5,74064,c242949d8abb5b783df011e87a4db1ed019295ff1ca51b4af5982090d03ce42c,true,91.989520,254.968560,713.895200
fixed-window,fixed-w256k-zstd-6-dedup,random-1000-00000,random-1000,MHC-GRCh38,MHC,2654244,2655244,1000,100,262144,2,0,2,479469,479469,0,16384,1535,463085,964,4386,497.374481,109.318057,1.364000,2692.248000,11184.203000,9875.282000,29783.185000,1,20,7023756c327dfc42cc748fd0c699aba076a4fdd6e782fc68c4f9317650d78d1f,true,53.785840,140.357520,331.858400
fixed-window,fixed-w256k-zstd-6-dedup,random-1000-00001,random-1000,MHC-GRCh38,MHC,4897918,4898918,1000,100,262144,2,0,2,129483,129483,0,16384,1535,113099,1056,3724,122.616477,34.769871,0.994000,477.317000,888.798000,567.611000,2526.366000,1,5,0f3e26b2367cd8c927e3fcc74784b7c68afda5a708cdf28af6c3d6753b64b953,true,44.452880,112.358640,238.528800
fixed-window,fixed-w256k-zstd-6-dedup,random-1000-00002,random-1000,MHC-GRCh38,MHC,1758423,1759423,1000,100,262144,2,0,2,168189,168189,0,16384,1535,151805,712,2881,236.220506,58.378688,0.806000,658.620000,1659.325000,1372.778000,4538.437000,1,10,133fa0ebf1ed0843979635624467ecf79c6e162da236230f9bf2e6239a2b732e,true,45.485040,115.455120,248.850400
fixed-window,fixed-w256k-zstd-6-dedup,random-1000-00003,random-1000,MHC-GRCh38,MHC,3202374,3203374,1000,100,262144,2,0,2,132702,132702,0,16384,1535,116318,957,3465,138.664577,38.297835,0.751000,488.206000,824.944000,550.341000,2319.875000,1,5,a206c9ece5e07726bb5b39e6657386c6246a99f8a3ab498cc78130719bfc8341,true,44.538720,112.616160,239.387200
fixed-window,fixed-w256k-zstd-6-dedup,random-1000-00004,random-1000,MHC-GRCh38,MHC,1529093,1530093,1000,100,262144,2,0,2,334796,334796,0,16384,1535,318412,742,2774,451.207547,120.690699,0.521000,1745.439000,6760.221000,5948.084000,17991.084000,1,7,9eeefc2c27475e650e4092df95a3b58017919691e0a971867d5f0c4f1d41b4a7,true,49.927893,128.783680,293.278933
fixed-window,fixed-w256k-zstd-6-dedup,random-1000-00005,random-1000,MHC-GRCh38,MHC,999079,1000079,1000,100,262144,2,0,2,144623,144623,0,16384,1535,128239,876,4021,165.094749,35.966924,0.783000,526.639000,1078.972000,933.799000,3128.408000,1,19,1a08adc0028aaf4bf93c8c4778378eb76cf8c8cbbb782f9c0496f0ac41df5129,true,44.856613,113.569840,242.566133
fixed-window,fixed-w256k-zstd-6-dedup,random-1000-00006,random-1000,MHC-GRCh38,MHC,4410732,4411732,1000,100,262144,2,0,2,257373,257373,0,16384,1535,240989,697,2710,369.258250,94.971587,0.592000,1353.688000,4631.680000,3849.345000,12025.378000,1,7,094f362cd65ffce3015be03603ec8e8c1ed6dcf943f687870ebde814eca7e69b,true,47.863280,122.589840,272.632800
fixed-window,fixed-w256k-zstd-6-dedup,random-1000-00007,random-1000,MHC-GRCh38,MHC,2388877,2389877,1000,100,262144,2,0,2,234888,234888,0,16384,1535,218504,769,2947,305.446034,79.704106,0.637000,1031.490000,3498.194000,3496.708000,9793.673000,1,7,b4a99b0d35f06ec587a0c4126c82f9477599b85bd0802556fd4e43d6d4593233,true,47.263680,120.791040,266.636800
fixed-window,fixed-w256k-zstd-6-dedup,random-1000-00008,random-1000,MHC-GRCh38,MHC,844767,845767,1000,100,262144,2,0,2,144623,144623,0,16384,1535,128239,745,3007,194.124832,48.095444,0.713000,535.356000,1136.264000,934.891000,3220.770000,1,10,ca775f09bf2a4a71b20e212b071ec8184f09136e111d888201e742f942c3a638,true,44.856613,113.569840,242.566133
fixed-window,fixed-w256k-zstd-6-dedup,random-1000-00009,random-1000,MHC-GRCh38,MHC,3227097,3228097,1000,100,262144,2,0,2,132702,132702,0,16384,1535,116318,701,2531,189.303852,52.430660,0.704000,491.212000,844.085000,694.246000,2440.910000,1,4,0255a889f5167fbf3a955d8155ad751b4570581dfb0e9bc2cdea6ae7ea4670ac,true,44.538720,112.616160,239.387200
fixed-window,fixed-w256k-zstd-6-dedup,random-10000-00000,random-10000,MHC-GRCh38,MHC,3078533,3088533,10000,100,262144,2,0,2,274352,274352,0,16384,1535,257968,4326,21433,63.419325,12.800448,0.636000,1275.896000,4465.097000,4158.836000,12126.718000,1,97,dc43b95c88885288ca814cae4378ab3fb571c5e1dfea4d8ed03d04722fc4c29b,true,48.316053,123.948160,277.160533
fixed-window,fixed-w256k-zstd-6-dedup,random-10000-00001,random-10000,MHC-GRCh38,MHC,2465757,2475757,10000,100,262144,2,0,2,234888,234888,0,16384,1535,218504,4983,27047,47.137869,8.684438,0.660000,1025.111000,3442.452000,3767.317000,9930.913000,1,160,20b86cc9f9e11e316321a49147f44632b0f28c77313432f361cefe6f65278e65,true,47.263680,120.791040,266.636800
fixed-window,fixed-w256k-zstd-6-dedup,random-10000-00002,random-10000,MHC-GRCh38,MHC,3576984,3586984,10000,100,262144,2,0,2,126033,126033,0,16384,1535,109649,4038,17036,31.211738,7.398039,0.898000,454.798000,774.742000,615.822000,2272.491000,1,57,7ee3b0bc227b0aa52897233ba7938e446f7c63d6ba45d9436bf4d1b4f86372fd,true,44.360880,112.082640,237.608800
fixed-window,fixed-w256k-zstd-6-dedup,random-10000-00003,random-10000,MHC-GRCh38,MHC,3405920,3415920,10000,100,262144,2,0,2,242351,242351,0,16384,1535,225967,3595,14667,67.413352,16.523556,0.588000,932.157000,1575.767000,1618.801000,5405.573000,2,33,e3d68b87ffccb4b800e2d33eb61b5ead880093fa6e7acc844608a79084deae1e,true,47.462693,121.388080,268.626933
fixed-window,fixed-w256k-zstd-6-dedup,random-10000-00004,random-10000,MHC-GRCh38,MHC,292664,302664,10000,100,262144,2,0,2,153052,153052,0,16384,1535,136668,5273,30494,29.025602,5.019086,1.181000,612.485000,1367.497000,1406.150000,4047.153000,1,191,c92e8dfca12914199b3963cd6ef7b4a904faf713b505df888eeec6cf7c1fbae3,true,45.081387,114.244160,244.813867
fixed-window,fixed-w256k-zstd-6-dedup,random-10000-00005,random-10000,MHC-GRCh38,MHC,2389603,2399603,10000,100,262144,2,0,2,234888,234888,0,16384,1535,218504,5093,29231,46.119772,8.035579,0.710000,1023.725000,3512.320000,3558.808000,9857.853000,1,178,5f5306feca5ab49a03c990170c527475bd6c49449f1927cb0d675ceb2ae11911,true,47.263680,120.791040,266.636800
fixed-window,fixed-w256k-zstd-6-dedup,random-10000-00006,random-10000,MHC-GRCh38,MHC,542027,552027,10000,100,262144,2,0,2,141622,141622,0,16384,1535,125238,4221,18725,33.551765,7.563258,0.686000,552.410000,1153.698000,1161.857000,3447.709000,1,74,f16715bee2a56c8c2784af99f7d3f3693e22336065908aa9271549d1d35f9786,true,44.776587,113.329760,241.765867
fixed-window,fixed-w256k-zstd-6-dedup,random-10000-00007,random-10000,MHC-GRCh38,MHC,4185669,4195669,10000,100,262144,2,0,2,1334117,1334117,0,16384,1535,1317733,13317,128437,100.181497,10.387326,0.803000,7908.955000,33426.290000,33206.240000,95968.021000,2,1170,85c69098d2911b7e6003d90847659c119df8a18e2207c8cdc3d72f5894d576c9,true,76.576453,208.729360,559.764533
fixed-window,fixed-w256k-zstd-6-dedup,random-10000-00008,random-10000,MHC-GRCh38,MHC,878649,888649,10000,100,262144,2,0,2,144623,144623,0,16384,1535,128239,5240,28208,27.599809,5.127021,1.412000,560.237000,1235.022000,1184.191000,3909.497000,1,164,95cdd4c8198d0235b09b1deafd6a4b64e49fc7a45f14e067d1aa541b938b7d02,true,44.856613,113.569840,242.566133
fixed-window,fixed-w256k-zstd-6-dedup,random-10000-00009,random-10000,MHC-GRCh38,MHC,2541935,2551935,10000,100,262144,2,0,2,234888,234888,0,16384,1535,218504,7006,49198,33.526691,4.774340,0.910000,1033.856000,3463.822000,3892.376000,10070.585000,1,378,eea2d4eb88aca6dcf6c4fe471c2c50678ad3c23800ae4b85272d58820810e48b,true,47.263680,120.791040,266.636800
fixed-window,fixed-w256k-zstd-6-dedup,random-100000-00000,random-100000,MHC-GRCh38,MHC,4262931,4362931,100000,100,262144,2,0,2,257373,257373,0,16384,1535,240989,53152,393053,4.842207,0.654805,0.791000,1364.935000,4772.050000,7981.698000,16502.074000,1,2892,befd5798f26d5c7b42d1717a5cfe86cf51b09dfc111ba1aae713cf80a449d48a,true,47.863280,122.589840,272.632800
fixed-window,fixed-w256k-zstd-6-dedup,random-100000-00001,random-100000,MHC-GRCh38,MHC,2031962,2131962,100000,100,262144,2,0,2,303012,303012,0,16384,1535,286628,33696,151055,8.992521,2.005971,0.988000,1231.976000,3212.231000,3960.895000,11052.555000,2,485,298779b47caf6fb56cd3bae009a7b724d447714231d6ef5bba143d0ba0d62ae6,true,49.080320,126.240960,284.803200
fixed-window,fixed-w256k-zstd-6-dedup,random-100000-00002,random-100000,MHC-GRCh38,MHC,1080439,1180439,100000,100,262144,2,0,2,227376,227376,0,16384,1535,210992,41056,237229,5.538192,0.958466,0.988000,1031.613000,3512.947000,6049.797000,12876.073000,1,1338,919458d9233d10d96757b231e92f6f517dd5007403b91e944381979f638a151c,true,47.063360,120.190080,264.633600
fixed-window,fixed-w256k-zstd-6-dedup,random-100000-00003,random-100000,MHC-GRCh38,MHC,864953,964953,100000,100,262144,2,0,2,144623,144623,0,16384,1535,128239,37923,185678,3.813596,0.778891,1.492000,530.180000,1175.618000,2044.488000,4383.161000,1,820,f6107225b0af1dcefff1164d0ebcc9060ac13a8f00bdd5973ebd3832eab8ae2c,true,44.856613,113.569840,242.566133
fixed-window,fixed-w256k-zstd-6-dedup,random-100000-00004,random-100000,MHC-GRCh38,MHC,4129708,4229708,100000,100,262144,2,0,2,1334117,1334117,0,16384,1535,1317733,143554,1664136,9.293485,0.801687,0.923000,8494.886000,34971.416000,54736.804000,120915.583000,2,15919,1386cc9557a3430593a42d82a4f8ee06e6ef3d3aaaeb97420f5ea050ab586a49,true,76.576453,208.729360,559.764533
fixed-window,fixed-w256k-zstd-6-dedup,random-100000-00005,random-100000,MHC-GRCh38,MHC,4502173,4602173,100000,100,262144,2,0,2,236760,236760,0,16384,1535,220376,58280,469823,4.062457,0.503934,1.445000,1144.341000,4000.101000,9481.308000,16984.267000,1,3665,7673b8a947f7fff0a7f89605e806df4c300c2c59ceb6140ecfed1f37f3ea8184,true,47.313600,120.940800,267.136000
fixed-window,fixed-w256k-zstd-6-dedup,random-100000-00006,random-100000,MHC-GRCh38,MHC,434533,534533,100000,100,262144,2,0,2,278290,278290,0,16384,1535,261906,37660,186899,7.389538,1.488986,1.033000,1167.516000,2604.990000,4006.514000,9851.093000,2,846,61b2ebdac5872792613dc1ff802aadbbd22e9c28c8ae067fffca0085d722305d,true,48.421067,124.263200,278.210667
fixed-window,fixed-w256k-zstd-6-dedup,random-100000-00007,random-100000,MHC-GRCh38,MHC,1813450,1913450,100000,100,262144,2,0,2,312948,312948,0,16384,1535,296564,42121,245093,7.429738,1.276854,1.016000,1324.568000,3426.184000,5089.805000,12642.390000,2,1420,5bd49a40268a771a3f3941b3cca19f2693e3d94f4fcc79f1781bff5a86d44474,true,49.345280,127.035840,287.452800
fixed-window,fixed-w256k-zstd-6-dedup,random-100000-00008,random-100000,MHC-GRCh38,MHC,898253,998253,100000,100,262144,2,0,2,144623,144623,0,16384,1535,128239,34657,147605,4.172981,0.979797,0.975000,527.248000,1133.703000,1564.026000,3838.655000,1,444,6f37807f43b3120ee8ab6e9d986088ca53183c089fd977eeb73eb6e3af745553,true,44.856613,113.569840,242.566133
fixed-window,fixed-w256k-zstd-6-dedup,random-100000-00009,random-100000,MHC-GRCh38,MHC,4231710,4331710,100000,100,262144,2,0,2,257373,257373,0,16384,1535,240989,56947,442213,4.519518,0.582011,0.931000,1357.584000,4620.338000,9227.965000,17407.029000,1,3379,ac378f0e421356116b75697d2300397d66eeff26cd5a6fcf9dee9f4791e9514a,true,47.863280,122.589840,272.632800
fixed-window,fixed-w256k-zstd-6-dedup,random-1000000-00000,random-1000000,MHC-GRCh38,MHC,994225,1994225,1000000,100,262144,2,0,2,970591,970591,0,16384,1535,954207,487060,3443303,1.992754,0.281878,1.570000,4569.839000,14658.898000,55226.354000,92152.339000,5,24980,e039d704c358bca65f992eff31cc093af09a0746282cd90f67eb0127375fd4ea,true,66.882427,179.647280,462.824267
fixed-window,fixed-w256k-zstd-6-dedup,random-1000000-00001,random-1000000,MHC-GRCh38,MHC,3053916,4053916,1000000,100,262144,2,0,2,1821578,1821578,0,16384,1535,1805194,531021,4205164,3.430331,0.433176,2.139000,10705.122000,40204.658000,97494.438000,196253.399000,5,33451,02b0cd494e49d7daad9c061e26bd5f30875e890011b40319ac8385b03468adb0,true,89.575413,247.726240,689.754133
fixed-window,fixed-w256k-zstd-6-dedup,random-1000000-00002,random-1000000,MHC-GRCh38,MHC,3662178,4662178,1000000,100,262144,2,0,2,1908657,1908657,0,16384,1535,1892273,860861,8344254,2.217149,0.228739,2.209000,10888.566000,43872.143000,175401.915000,284521.028000,5,75875,9f2f534dbeb6bc19fdb0aaddd7dcbbbf12f3244522db2b99cc0005bf57dcd7ca,true,91.897520,254.692560,712.975200
fixed-window,fixed-w256k-zstd-6-dedup,random-1000000-00003,random-1000000,MHC-GRCh38,MHC,1664410,2664410,1000000,100,262144,2,0,2,1136406,1136406,0,16384,1535,1120022,406527,2504865,2.795401,0.453680,1.920000,6127.714000,20012.563000,43996.197000,93240.677000,5,14806,503b4b8eeb4d6b89896360d25d9cf284431c6fb57279fa10a6bb4e837333cb36,true,71.304160,192.912480,507.041600
fixed-window,fixed-w256k-zstd-6-dedup,random-1000000-00004,random-1000000,MHC-GRCh38,MHC,3882446,4882446,1000000,100,262144,2,0,2,1912107,1912107,0,16384,1535,1895723,819361,7930076,2.333656,0.241121,2.090000,10653.439000,41531.499000,167533.712000,270234.486000,5,71788,6ee89cfcacf1b33a3922fb060df2a2c6eecf14744ab9c8e57fa06c90b10c8a7f,true,91.989520,254.968560,713.895200
fixed-window,fixed-w256k-zstd-6-dedup,random-1000000-00005,random-1000000,MHC-GRCh38,MHC,3946668,4946668,1000000,100,262144,2,0,2,1667592,1667592,0,16384,1535,1651208,798018,7639916,2.089667,0.218274,1.204000,10201.974000,39738.943000,160671.551000,239857.713000,4,68872,6ecc17a43d30f9682e54af7859498a82e49e925f11120bc92457d41d4a96b4fb,true,85.469120,235.407360,648.691200
fixed-window,fixed-w256k-zstd-6-dedup,random-1000000-00006,random-1000000,MHC-GRCh38,MHC,2514903,3514903,1000000,100,262144,2,0,2,1181908,1181908,0,16384,1535,1165524,541339,4331859,2.183305,0.272841,1.614000,6025.871000,20352.238000,75927.259000,125520.154000,5,33702,2eaba3ded88cbe0bc539b52cc4ebadfc160b0a7a4c53da1cee26f31fdc1fbb0a,true,72.517547,196.552640,519.175467
fixed-window,fixed-w256k-zstd-6-dedup,random-1000000-00007,random-1000000,MHC-GRCh38,MHC,1441302,2441302,1000000,100,262144,2,0,2,991733,991733,0,16384,1535,975349,396573,2355194,2.500758,0.421083,2.223000,5127.935000,15805.294000,37256.462000,73209.021000,5,13330,7fb2f354d42e738dc73f6f3403e942f8e5039fe5e0b6cceac898af8d2a410cd1,true,67.446213,181.338640,468.462133
fixed-window,fixed-w256k-zstd-6-dedup,random-1000000-00008,random-1000000,MHC-GRCh38,MHC,3577106,4577106,1000000,100,262144,2,0,2,1908657,1908657,0,16384,1535,1892273,834626,8107664,2.286841,0.235414,1.656000,11397.437000,43463.574000,172645.352000,282346.224000,5,73514,02fbe6e2d39e65f22196b639408caf4958d8e64401b51b4c559fdb2358a04813,true,91.897520,254.692560,712.975200
fixed-window,fixed-w256k-zstd-6-dedup,random-1000000-00009,random-1000000,MHC-GRCh38,MHC,3789056,4789056,1000000,100,262144,2,0,2,1912107,1912107,0,16384,1535,1895723,836879,8161676,2.284807,0.234279,1.781000,10723.592000,42831.093000,167827.412000,272147.009000,5,74064,c242949d8abb5b783df011e87a4db1ed019295ff1ca51b4af5982090d03ce42c,true,91.989520,254.968560,713.895200
fixed-window,fixed-w256k-zstd-6-dedup,random-1000-00000,random-1000,MHC-GRCh38,MHC,2654244,2655244,1000,100,1048576,2,0,2,479469,479469,0,16384,1535,463085,964,4386,497.374481,109.318057,1.090000,2645.472000,11245.673000,10408.151000,30388.506000,1,20,7023756c327dfc42cc748fd0c699aba076a4fdd6e782fc68c4f9317650d78d1f,true,53.785840,140.357520,331.858400
fixed-window,fixed-w256k-zstd-6-dedup,random-1000-00001,random-1000,MHC-GRCh38,MHC,4897918,4898918,1000,100,1048576,2,0,2,129483,129483,0,16384,1535,113099,1056,3724,122.616477,34.769871,1.402000,485.681000,1014.490000,628.147000,2913.514000,1,5,0f3e26b2367cd8c927e3fcc74784b7c68afda5a708cdf28af6c3d6753b64b953,true,44.452880,112.358640,238.528800
fixed-window,fixed-w256k-zstd-6-dedup,random-1000-00002,random-1000,MHC-GRCh38,MHC,1758423,1759423,1000,100,1048576,2,0,2,168189,168189,0,16384,1535,151805,712,2881,236.220506,58.378688,0.681000,662.531000,1750.865000,1829.298000,5069.561000,1,10,133fa0ebf1ed0843979635624467ecf79c6e162da236230f9bf2e6239a2b732e,true,45.485040,115.455120,248.850400
fixed-window,fixed-w256k-zstd-6-dedup,random-1000-00003,random-1000,MHC-GRCh38,MHC,3202374,3203374,1000,100,1048576,2,0,2,132702,132702,0,16384,1535,116318,957,3465,138.664577,38.297835,1.354000,543.046000,928.857000,753.518000,2765.793000,1,5,a206c9ece5e07726bb5b39e6657386c6246a99f8a3ab498cc78130719bfc8341,true,44.538720,112.616160,239.387200
fixed-window,fixed-w256k-zstd-6-dedup,random-1000-00004,random-1000,MHC-GRCh38,MHC,1529093,1530093,1000,100,1048576,2,0,2,334796,334796,0,16384,1535,318412,742,2774,451.207547,120.690699,0.571000,1740.810000,7099.328000,6494.430000,19047.991000,1,7,9eeefc2c27475e650e4092df95a3b58017919691e0a971867d5f0c4f1d41b4a7,true,49.927893,128.783680,293.278933
fixed-window,fixed-w256k-zstd-6-dedup,random-1000-00005,random-1000,MHC-GRCh38,MHC,999079,1000079,1000,100,1048576,2,0,2,144623,144623,0,16384,1535,128239,876,4021,165.094749,35.966924,1.278000,532.856000,1100.426000,885.361000,3139.136000,1,19,1a08adc0028aaf4bf93c8c4778378eb76cf8c8cbbb782f9c0496f0ac41df5129,true,44.856613,113.569840,242.566133
fixed-window,fixed-w256k-zstd-6-dedup,random-1000-00006,random-1000,MHC-GRCh38,MHC,4410732,4411732,1000,100,1048576,2,0,2,257373,257373,0,16384,1535,240989,697,2710,369.258250,94.971587,0.572000,1486.408000,4890.474000,4278.304000,12955.349000,1,7,094f362cd65ffce3015be03603ec8e8c1ed6dcf943f687870ebde814eca7e69b,true,47.863280,122.589840,272.632800
fixed-window,fixed-w256k-zstd-6-dedup,random-1000-00007,random-1000,MHC-GRCh38,MHC,2388877,2389877,1000,100,1048576,2,0,2,234888,234888,0,16384,1535,218504,769,2947,305.446034,79.704106,0.630000,1075.514000,3537.810000,3625.386000,10065.110000,1,7,b4a99b0d35f06ec587a0c4126c82f9477599b85bd0802556fd4e43d6d4593233,true,47.263680,120.791040,266.636800
fixed-window,fixed-w256k-zstd-6-dedup,random-1000-00008,random-1000,MHC-GRCh38,MHC,844767,845767,1000,100,1048576,2,0,2,144623,144623,0,16384,1535,128239,745,3007,194.124832,48.095444,0.669000,526.876000,1084.395000,902.897000,3079.100000,1,10,ca775f09bf2a4a71b20e212b071ec8184f09136e111d888201e742f942c3a638,true,44.856613,113.569840,242.566133
fixed-window,fixed-w256k-zstd-6-dedup,random-1000-00009,random-1000,MHC-GRCh38,MHC,3227097,3228097,1000,100,1048576,2,0,2,132702,132702,0,16384,1535,116318,701,2531,189.303852,52.430660,0.517000,487.985000,861.111000,828.718000,2591.618000,1,4,0255a889f5167fbf3a955d8155ad751b4570581dfb0e9bc2cdea6ae7ea4670ac,true,44.538720,112.616160,239.387200
fixed-window,fixed-w256k-zstd-6-dedup,random-10000-00000,random-10000,MHC-GRCh38,MHC,3078533,3088533,10000,100,1048576,2,0,2,274352,274352,0,16384,1535,257968,4326,21433,63.419325,12.800448,0.615000,1310.277000,4489.648000,4757.386000,12848.433000,1,97,dc43b95c88885288ca814cae4378ab3fb571c5e1dfea4d8ed03d04722fc4c29b,true,48.316053,123.948160,277.160533
fixed-window,fixed-w256k-zstd-6-dedup,random-10000-00001,random-10000,MHC-GRCh38,MHC,2465757,2475757,10000,100,1048576,2,0,2,234888,234888,0,16384,1535,218504,4983,27047,47.137869,8.684438,0.771000,1030.974000,3566.583000,3920.797000,10537.446000,1,160,20b86cc9f9e11e316321a49147f44632b0f28c77313432f361cefe6f65278e65,true,47.263680,120.791040,266.636800
fixed-window,fixed-w256k-zstd-6-dedup,random-10000-00002,random-10000,MHC-GRCh38,MHC,3576984,3586984,10000,100,1048576,2,0,2,126033,126033,0,16384,1535,109649,4038,17036,31.211738,7.398039,0.805000,455.027000,780.772000,820.708000,2537.954000,1,57,7ee3b0bc227b0aa52897233ba7938e446f7c63d6ba45d9436bf4d1b4f86372fd,true,44.360880,112.082640,237.608800
fixed-window,fixed-w256k-zstd-6-dedup,random-10000-00003,random-10000,MHC-GRCh38,MHC,3405920,3415920,10000,100,1048576,2,0,2,242351,242351,0,16384,1535,225967,3595,14667,67.413352,16.523556,0.816000,1048.211000,1832.461000,1510.922000,5765.588000,2,33,e3d68b87ffccb4b800e2d33eb61b5ead880093fa6e7acc844608a79084deae1e,true,47.462693,121.388080,268.626933
fixed-window,fixed-w256k-zstd-6-dedup,random-10000-00004,random-10000,MHC-GRCh38,MHC,292664,302664,10000,100,1048576,2,0,2,153052,153052,0,16384,1535,136668,5273,30494,29.025602,5.019086,0.687000,610.542000,1413.821000,2263.236000,5079.775000,1,191,c92e8dfca12914199b3963cd6ef7b4a904faf713b505df888eeec6cf7c1fbae3,true,45.081387,114.244160,244.813867
fixed-window,fixed-w256k-zstd-6-dedup,random-10000-00005,random-10000,MHC-GRCh38,MHC,2389603,2399603,10000,100,1048576,2,0,2,234888,234888,0,16384,1535,218504,5093,29231,46.119772,8.035579,0.919000,1172.091000,3701.536000,4503.691000,11296.159000,1,178,5f5306feca5ab49a03c990170c527475bd6c49449f1927cb0d675ceb2ae11911,true,47.263680,120.791040,266.636800
fixed-window,fixed-w256k-zstd-6-dedup,random-10000-00006,random-10000,MHC-GRCh38,MHC,542027,552027,10000,100,1048576,2,0,2,141622,141622,0,16384,1535,125238,4221,18725,33.551765,7.563258,1.442000,555.100000,1150.757000,1215.665000,3507.451000,1,74,f16715bee2a56c8c2784af99f7d3f3693e22336065908aa9271549d1d35f9786,true,44.776587,113.329760,241.765867
fixed-window,fixed-w256k-zstd-6-dedup,random-10000-00007,random-10000,MHC-GRCh38,MHC,4185669,4195669,10000,100,1048576,2,0,2,1334117,1334117,0,16384,1535,1317733,13317,128437,100.181497,10.387326,0.980000,8118.354000,34256.542000,29474.600000,93514.870000,2,1170,85c69098d2911b7e6003d90847659c119df8a18e2207c8cdc3d72f5894d576c9,true,76.576453,208.729360,559.764533
fixed-window,fixed-w256k-zstd-6-dedup,random-10000-00008,random-10000,MHC-GRCh38,MHC,878649,888649,10000,100,1048576,2,0,2,144623,144623,0,16384,1535,128239,5240,28208,27.599809,5.127021,0.925000,526.901000,1164.582000,1115.940000,3725.371000,1,164,95cdd4c8198d0235b09b1deafd6a4b64e49fc7a45f14e067d1aa541b938b7d02,true,44.856613,113.569840,242.566133
fixed-window,fixed-w256k-zstd-6-dedup,random-10000-00009,random-10000,MHC-GRCh38,MHC,2541935,2551935,10000,100,1048576,2,0,2,234888,234888,0,16384,1535,218504,7006,49198,33.526691,4.774340,0.510000,1099.171000,4005.388000,4055.549000,10952.784000,1,378,eea2d4eb88aca6dcf6c4fe471c2c50678ad3c23800ae4b85272d58820810e48b,true,47.263680,120.791040,266.636800
fixed-window,fixed-w256k-zstd-6-dedup,random-100000-00000,random-100000,MHC-GRCh38,MHC,4262931,4362931,100000,100,1048576,2,0,2,257373,257373,0,16384,1535,240989,53152,393053,4.842207,0.654805,0.991000,1445.122000,4644.514000,8566.323000,17203.712000,1,2892,befd5798f26d5c7b42d1717a5cfe86cf51b09dfc111ba1aae713cf80a449d48a,true,47.863280,122.589840,272.632800
fixed-window,fixed-w256k-zstd-6-dedup,random-100000-00001,random-100000,MHC-GRCh38,MHC,2031962,2131962,100000,100,1048576,2,0,2,303012,303012,0,16384,1535,286628,33696,151055,8.992521,2.005971,0.903000,1230.262000,3032.593000,3792.726000,10639.032000,2,485,298779b47caf6fb56cd3bae009a7b724d447714231d6ef5bba143d0ba0d62ae6,true,49.080320,126.240960,284.803200
fixed-window,fixed-w256k-zstd-6-dedup,random-100000-00002,random-100000,MHC-GRCh38,MHC,1080439,1180439,100000,100,1048576,2,0,2,227376,227376,0,16384,1535,210992,41056,237229,5.538192,0.958466,1.178000,1015.274000,3544.305000,5305.072000,11781.151000,1,1338,919458d9233d10d96757b231e92f6f517dd5007403b91e944381979f638a151c,true,47.063360,120.190080,264.633600
fixed-window,fixed-w256k-zstd-6-dedup,random-100000-00003,random-100000,MHC-GRCh38,MHC,864953,964953,100000,100,1048576,2,0,2,144623,144623,0,16384,1535,128239,37923,185678,3.813596,0.778891,0.866000,564.622000,1101.741000,2006.669000,4292.930000,1,820,f6107225b0af1dcefff1164d0ebcc9060ac13a8f00bdd5973ebd3832eab8ae2c,true,44.856613,113.569840,242.566133
fixed-window,fixed-w256k-zstd-6-dedup,random-100000-00004,random-100000,MHC-GRCh38,MHC,4129708,4229708,100000,100,1048576,2,0,2,1334117,1334117,0,16384,1535,1317733,143554,1664136,9.293485,0.801687,1.356000,7973.640000,34134.742000,53999.399000,117952.657000,2,15919,1386cc9557a3430593a42d82a4f8ee06e6ef3d3aaaeb97420f5ea050ab586a49,true,76.576453,208.729360,559.764533
fixed-window,fixed-w256k-zstd-6-dedup,random-100000-00005,random-100000,MHC-GRCh38,MHC,4502173,4602173,100000,100,1048576,2,0,2,236760,236760,0,16384,1535,220376,58280,469823,4.062457,0.503934,0.900000,1139.523000,3960.231000,9124.611000,16565.593000,1,3665,7673b8a947f7fff0a7f89605e806df4c300c2c59ceb6140ecfed1f37f3ea8184,true,47.313600,120.940800,267.136000
fixed-window,fixed-w256k-zstd-6-dedup,random-100000-00006,random-100000,MHC-GRCh38,MHC,434533,534533,100000,100,1048576,2,0,2,278290,278290,0,16384,1535,261906,37660,186899,7.389538,1.488986,1.080000,1166.688000,2599.151000,3830.822000,9680.142000,2,846,61b2ebdac5872792613dc1ff802aadbbd22e9c28c8ae067fffca0085d722305d,true,48.421067,124.263200,278.210667
fixed-window,fixed-w256k-zstd-6-dedup,random-100000-00007,random-100000,MHC-GRCh38,MHC,1813450,1913450,100000,100,1048576,2,0,2,312948,312948,0,16384,1535,296564,42121,245093,7.429738,1.276854,1.274000,1287.784000,3289.435000,5064.444000,12372.310000,2,1420,5bd49a40268a771a3f3941b3cca19f2693e3d94f4fcc79f1781bff5a86d44474,true,49.345280,127.035840,287.452800
fixed-window,fixed-w256k-zstd-6-dedup,random-100000-00008,random-100000,MHC-GRCh38,MHC,898253,998253,100000,100,1048576,2,0,2,144623,144623,0,16384,1535,128239,34657,147605,4.172981,0.979797,0.869000,528.326000,1097.267000,1355.529000,3558.352000,1,444,6f37807f43b3120ee8ab6e9d986088ca53183c089fd977eeb73eb6e3af745553,true,44.856613,113.569840,242.566133
fixed-window,fixed-w256k-zstd-6-dedup,random-100000-00009,random-100000,MHC-GRCh38,MHC,4231710,4331710,100000,100,1048576,2,0,2,257373,257373,0,16384,1535,240989,56947,442213,4.519518,0.582011,0.773000,1340.186000,4713.172000,9126.131000,17451.165000,1,3379,ac378f0e421356116b75697d2300397d66eeff26cd5a6fcf9dee9f4791e9514a,true,47.863280,122.589840,272.632800
fixed-window,fixed-w256k-zstd-6-dedup,random-1000000-00000,random-1000000,MHC-GRCh38,MHC,994225,1994225,1000000,100,1048576,2,0,2,970591,970591,0,16384,1535,954207,487060,3443303,1.992754,0.281878,1.874000,4597.790000,14384.769000,53894.742000,90121.937000,5,24980,e039d704c358bca65f992eff31cc093af09a0746282cd90f67eb0127375fd4ea,true,66.882427,179.647280,462.824267
fixed-window,fixed-w256k-zstd-6-dedup,random-1000000-00001,random-1000000,MHC-GRCh38,MHC,3053916,4053916,1000000,100,1048576,2,0,2,1821578,1821578,0,16384,1535,1805194,531021,4205164,3.430331,0.433176,2.619000,9935.364000,38343.833000,94385.466000,188437.860000,5,33451,02b0cd494e49d7daad9c061e26bd5f30875e890011b40319ac8385b03468adb0,true,89.575413,247.726240,689.754133
fixed-window,fixed-w256k-zstd-6-dedup,random-1000000-00002,random-1000000,MHC-GRCh38,MHC,3662178,4662178,1000000,100,1048576,2,0,2,1908657,1908657,0,16384,1535,1892273,860861,8344254,2.217149,0.228739,2.209000,10716.187000,41546.003000,172261.059000,277064.434000,5,75875,9f2f534dbeb6bc19fdb0aaddd7dcbbbf12f3244522db2b99cc0005bf57dcd7ca,true,91.897520,254.692560,712.975200
fixed-window,fixed-w256k-zstd-6-dedup,random-1000000-00003,random-1000000,MHC-GRCh38,MHC,1664410,2664410,1000000,100,1048576,2,0,2,1136406,1136406,0,16384,1535,1120022,406527,2504865,2.795401,0.453680,1.823000,5572.684000,18971.665000,42079.819000,89765.417000,5,14806,503b4b8eeb4d6b89896360d25d9cf284431c6fb57279fa10a6bb4e837333cb36,true,71.304160,192.912480,507.041600
fixed-window,fixed-w256k-zstd-6-dedup,random-1000000-00004,random-1000000,MHC-GRCh38,MHC,3882446,4882446,1000000,100,1048576,2,0,2,1912107,1912107,0,16384,1535,1895723,819361,7930076,2.333656,0.241121,1.947000,10759.411000,42352.606000,170147.195000,276516.469000,5,71788,6ee89cfcacf1b33a3922fb060df2a2c6eecf14744ab9c8e57fa06c90b10c8a7f,true,91.989520,254.968560,713.895200
fixed-window,fixed-w256k-zstd-6-dedup,random-1000000-00005,random-1000000,MHC-GRCh38,MHC,3946668,4946668,1000000,100,1048576,2,0,2,1667592,1667592,0,16384,1535,1651208,798018,7639916,2.089667,0.218274,1.266000,10373.061000,40027.654000,154484.350000,234253.682000,4,68872,6ecc17a43d30f9682e54af7859498a82e49e925f11120bc92457d41d4a96b4fb,true,85.469120,235.407360,648.691200
fixed-window,fixed-w256k-zstd-6-dedup,random-1000000-00006,random-1000000,MHC-GRCh38,MHC,2514903,3514903,1000000,100,1048576,2,0,2,1181908,1181908,0,16384,1535,1165524,541339,4331859,2.183305,0.272841,1.477000,5857.065000,20212.167000,74560.098000,123960.859000,5,33702,2eaba3ded88cbe0bc539b52cc4ebadfc160b0a7a4c53da1cee26f31fdc1fbb0a,true,72.517547,196.552640,519.175467
fixed-window,fixed-w256k-zstd-6-dedup,random-1000000-00007,random-1000000,MHC-GRCh38,MHC,1441302,2441302,1000000,100,1048576,2,0,2,991733,991733,0,16384,1535,975349,396573,2355194,2.500758,0.421083,1.712000,4670.054000,15173.980000,35968.644000,70483.771000,5,13330,7fb2f354d42e738dc73f6f3403e942f8e5039fe5e0b6cceac898af8d2a410cd1,true,67.446213,181.338640,468.462133
fixed-window,fixed-w256k-zstd-6-dedup,random-1000000-00008,random-1000000,MHC-GRCh38,MHC,3577106,4577106,1000000,100,1048576,2,0,2,1908657,1908657,0,16384,1535,1892273,834626,8107664,2.286841,0.235414,1.960000,10697.338000,41326.696000,167072.658000,271562.797000,5,73514,02fbe6e2d39e65f22196b639408caf4958d8e64401b51b4c559fdb2358a04813,true,91.897520,254.692560,712.975200
fixed-window,fixed-w256k-zstd-6-dedup,random-1000000-00009,random-1000000,MHC-GRCh38,MHC,3789056,4789056,1000000,100,1048576,2,0,2,1912107,1912107,0,16384,1535,1895723,836879,8161676,2.284807,0.234279,2.344000,10834.773000,42087.003000,167138.794000,270944.523000,5,74064,c242949d8abb5b783df011e87a4db1ed019295ff1ca51b4af5982090d03ce42c,true,91.989520,254.968560,713.895200
