storage_kind,experiment_id,query_id,query_class,sample,contig,start,end,query_size,context,coalescing_gap,physical_reads,mergeable_reads,dependency_rounds,total_bytes_fetched,unique_bytes_fetched,duplicate_bytes_fetched,bootstrap_bytes_fetched,logical_index_bytes,directory_page_bytes_fetched,directory_pages_selected,directory_page_cache_hits,data_bytes_fetched,required_compressed_payload_bytes,canonical_payload_bytes,read_amplification,canonical_amplification,index_lookup_us,decompression_us,decode_us,graph_reconstruction_us,total_local_query_us,selected_chunks,selected_nodes,canonical_hash,correctness,haplotype_tiles_checked,haplotype_tiles_correct,simulated_20ms_ms,simulated_50ms_ms,simulated_100ms_ms
gbz,gbz-baseline,random-1000-00000,random-1000,MHC-GRCh38,MHC,2654244,2655244,1000,100,,1,,1,4511832,4511832,0,,,,,,4511832,,,,,,,,,111.172000,,,,true,,,140.815520,411.946560,1305.155200
gbz,gbz-baseline,random-1000-00001,random-1000,MHC-GRCh38,MHC,4897918,4898918,1000,100,,1,,1,4511832,4511832,0,,,,,,4511832,,,,,,,,,33.561000,,,,true,,,140.815520,411.946560,1305.155200
gbz,gbz-baseline,random-1000-00002,random-1000,MHC-GRCh38,MHC,1758423,1759423,1000,100,,1,,1,4511832,4511832,0,,,,,,4511832,,,,,,,,,39.774000,,,,true,,,140.815520,411.946560,1305.155200
gbz,gbz-baseline,random-1000-00003,random-1000,MHC-GRCh38,MHC,3202374,3203374,1000,100,,1,,1,4511832,4511832,0,,,,,,4511832,,,,,,,,,32.887000,,,,true,,,140.815520,411.946560,1305.155200
gbz,gbz-baseline,random-1000-00004,random-1000,MHC-GRCh38,MHC,1529093,1530093,1000,100,,1,,1,4511832,4511832,0,,,,,,4511832,,,,,,,,,34.043000,,,,true,,,140.815520,411.946560,1305.155200
gbz,gbz-baseline,random-1000-00005,random-1000,MHC-GRCh38,MHC,999079,1000079,1000,100,,1,,1,4511832,4511832,0,,,,,,4511832,,,,,,,,,67.029000,,,,true,,,140.815520,411.946560,1305.155200
gbz,gbz-baseline,random-1000-00006,random-1000,MHC-GRCh38,MHC,4410732,4411732,1000,100,,1,,1,4511832,4511832,0,,,,,,4511832,,,,,,,,,30.338000,,,,true,,,140.815520,411.946560,1305.155200
gbz,gbz-baseline,random-1000-00007,random-1000,MHC-GRCh38,MHC,2388877,2389877,1000,100,,1,,1,4511832,4511832,0,,,,,,4511832,,,,,,,,,35.250000,,,,true,,,140.815520,411.946560,1305.155200
gbz,gbz-baseline,random-1000-00008,random-1000,MHC-GRCh38,MHC,844767,845767,1000,100,,1,,1,4511832,4511832,0,,,,,,4511832,,,,,,,,,36.708000,,,,true,,,140.815520,411.946560,1305.155200
gbz,gbz-baseline,random-1000-00009,random-1000,MHC-GRCh38,MHC,3227097,3228097,1000,100,,1,,1,4511832,4511832,0,,,,,,4511832,,,,,,,,,21.106000,,,,true,,,140.815520,411.946560,1305.155200
gbz,gbz-baseline,random-10000-00000,random-10000,MHC-GRCh38,MHC,3078533,3088533,10000,100,,1,,1,4511832,4511832,0,,,,,,4511832,,,,,,,,,416.051000,,,,true,,,140.815520,411.946560,1305.155200
gbz,gbz-baseline,random-10000-00001,random-10000,MHC-GRCh38,MHC,2465757,2475757,10000,100,,1,,1,4511832,4511832,0,,,,,,4511832,,,,,,,,,607.871000,,,,true,,,140.815520,411.946560,1305.155200
gbz,gbz-baseline,random-10000-00002,random-10000,MHC-GRCh38,MHC,3576984,3586984,10000,100,,1,,1,4511832,4511832,0,,,,,,4511832,,,,,,,,,247.350000,,,,true,,,140.815520,411.946560,1305.155200
gbz,gbz-baseline,random-10000-00003,random-10000,MHC-GRCh38,MHC,3405920,3415920,10000,100,,1,,1,4511832,4511832,0,,,,,,4511832,,,,,,,,,160.103000,,,,true,,,140.815520,411.946560,1305.155200
gbz,gbz-baseline,random-10000-00004,random-10000,MHC-GRCh38,MHC,292664,302664,10000,100,,1,,1,4511832,4511832,0,,,,,,4511832,,,,,,,,,744.633000,,,,true,,,140.815520,411.946560,1305.155200
gbz,gbz-baseline,random-10000-00005,random-10000,MHC-GRCh38,MHC,2389603,2399603,10000,100,,1,,1,4511832,4511832,0,,,,,,4511832,,,,,,,,,674.613000,,,,true,,,140.815520,411.946560,1305.155200
gbz,gbz-baseline,random-10000-00006,random-10000,MHC-GRCh38,MHC,542027,552027,10000,100,,1,,1,4511832,4511832,0,,,,,,4511832,,,,,,,,,314.847000,,,,true,,,140.815520,411.946560,1305.155200
gbz,gbz-baseline,random-10000-00007,random-10000,MHC-GRCh38,MHC,4185669,4195669,10000,100,,1,,1,4511832,4511832,0,,,,,,4511832,,,,,,,,,4968.307000,,,,true,,,140.815520,411.946560,1305.155200
gbz,gbz-baseline,random-10000-00008,random-10000,MHC-GRCh38,MHC,878649,888649,10000,100,,1,,1,4511832,4511832,0,,,,,,4511832,,,,,,,,,641.058000,,,,true,,,140.815520,411.946560,1305.155200
gbz,gbz-baseline,random-10000-00009,random-10000,MHC-GRCh38,MHC,2541935,2551935,10000,100,,1,,1,4511832,4511832,0,,,,,,4511832,,,,,,,,,1515.937000,,,,true,,,140.815520,411.946560,1305.155200
gbz,gbz-baseline,random-100000-00000,random-100000,MHC-GRCh38,MHC,4262931,4362931,100000,100,,1,,1,4511832,4511832,0,,,,,,4511832,,,,,,,,,12739.061000,,,,true,,,140.815520,411.946560,1305.155200
gbz,gbz-baseline,random-100000-00001,random-100000,MHC-GRCh38,MHC,2031962,2131962,100000,100,,1,,1,4511832,4511832,0,,,,,,4511832,,,,,,,,,3372.289000,,,,true,,,140.815520,411.946560,1305.155200
gbz,gbz-baseline,random-100000-00002,random-100000,MHC-GRCh38,MHC,1080439,1180439,100000,100,,1,,1,4511832,4511832,0,,,,,,4511832,,,,,,,,,5986.315000,,,,true,,,140.815520,411.946560,1305.155200
gbz,gbz-baseline,random-100000-00003,random-100000,MHC-GRCh38,MHC,864953,964953,100000,100,,1,,1,4511832,4511832,0,,,,,,4511832,,,,,,,,,3834.534000,,,,true,,,140.815520,411.946560,1305.155200
gbz,gbz-baseline,random-100000-00004,random-100000,MHC-GRCh38,MHC,4129708,4229708,100000,100,,1,,1,4511832,4511832,0,,,,,,4511832,,,,,,,,,78811.057000,,,,true,,,140.815520,411.946560,1305.155200
gbz,gbz-baseline,random-100000-00005,random-100000,MHC-GRCh38,MHC,4502173,4602173,100000,100,,1,,1,4511832,4511832,0,,,,,,4511832,,,,,,,,,16034.144000,,,,true,,,140.815520,411.946560,1305.155200
gbz,gbz-baseline,random-100000-00006,random-100000,MHC-GRCh38,MHC,434533,534533,100000,100,,1,,1,4511832,4511832,0,,,,,,4511832,,,,,,,,,3891.155000,,,,true,,,140.815520,411.946560,1305.155200
gbz,gbz-baseline,random-100000-00007,random-100000,MHC-GRCh38,MHC,1813450,1913450,100000,100,,1,,1,4511832,4511832,0,,,,,,4511832,,,,,,,,,6298.136000,,,,true,,,140.815520,411.946560,1305.155200
gbz,gbz-baseline,random-100000-00008,random-100000,MHC-GRCh38,MHC,898253,998253,100000,100,,1,,1,4511832,4511832,0,,,,,,4511832,,,,,,,,,2270.365000,,,,true,,,140.815520,411.946560,1305.155200
gbz,gbz-baseline,random-100000-00009,random-100000,MHC-GRCh38,MHC,4231710,4331710,100000,100,,1,,1,4511832,4511832,0,,,,,,4511832,,,,,,,,,15385.640000,,,,true,,,140.815520,411.946560,1305.155200
gbz,gbz-baseline,random-1000000-00000,random-1000000,MHC-GRCh38,MHC,994225,1994225,1000000,100,,1,,1,4511832,4511832,0,,,,,,4511832,,,,,,,,,147018.657000,,,,true,,,140.815520,411.946560,1305.155200
gbz,gbz-baseline,random-1000000-00001,random-1000000,MHC-GRCh38,MHC,3053916,4053916,1000000,100,,1,,1,4511832,4511832,0,,,,,,4511832,,,,,,,,,178453.599000,,,,true,,,140.815520,411.946560,1305.155200
gbz,gbz-baseline,random-1000000-00002,random-1000000,MHC-GRCh38,MHC,3662178,4662178,1000000,100,,1,,1,4511832,4511832,0,,,,,,4511832,,,,,,,,,427294.037000,,,,true,,,140.815520,411.946560,1305.155200
gbz,gbz-baseline,random-1000000-00003,random-1000000,MHC-GRCh38,MHC,1664410,2664410,1000000,100,,1,,1,4511832,4511832,0,,,,,,4511832,,,,,,,,,86587.396000,,,,true,,,140.815520,411.946560,1305.155200
gbz,gbz-baseline,random-1000000-00004,random-1000000,MHC-GRCh38,MHC,3882446,4882446,1000000,100,,1,,1,4511832,4511832,0,,,,,,4511832,,,,,,,,,403879.694000,,,,true,,,140.815520,411.946560,1305.155200
gbz,gbz-baseline,random-1000000-00005,random-1000000,MHC-GRCh38,MHC,3946668,4946668,1000000,100,,1,,1,4511832,4511832,0,,,,,,4511832,,,,,,,,,388972.975000,,,,true,,,140.815520,411.946560,1305.155200
gbz,gbz-baseline,random-1000000-00006,random-1000000,MHC-GRCh38,MHC,2514903,3514903,1000000,100,,1,,1,4511832,4511832,0,,,,,,4511832,,,,,,,,,201743.097000,,,,true,,,140.815520,411.946560,1305.155200
gbz,gbz-baseline,random-1000000-00007,random-1000000,MHC-GRCh38,MHC,1441302,2441302,1000000,100,,1,,1,4511832,4511832,0,,,,,,4511832,,,,,,,,,76277.074000,,,,true,,,140.815520,411.946560,1305.155200
gbz,gbz-baseline,random-1000000-00008,random-1000000,MHC-GRCh38,MHC,3577106,4577106,1000000,100,,1,,1,4511832,4511832,0,,,,,,4511832,,,,,,,,,412879.782000,,,,true,,,140.815520,411.946560,1305.155200
gbz,gbz-baseline,random-1000000-00009,random-1000000,MHC-GRCh38,MHC,3789056,4789056,1000000,100,,1,,1,4511832,4511832,0,,,,,,4511832,,,,,,,,,427557.521000,,,,true,,,140.815520,411.946560,1305.155200
gbz-base,gbz-base-baseline,random-1000-00000,random-1000,MHC-GRCh38,MHC,2654244,2655244,1000,100,,,,,,,,,,,,,,,,,,,,,,627.074000,,,,true,,,,,
gbz-base,gbz-base-baseline,random-1000-00001,random-1000,MHC-GRCh38,MHC,4897918,4898918,1000,100,,,,,,,,,,,,,,,,,,,,,,211.644000,,,,true,,,,,
gbz-base,gbz-base-baseline,random-1000-00002,random-1000,MHC-GRCh38,MHC,1758423,1759423,1000,100,,,,,,,,,,,,,,,,,,,,,,235.503000,,,,true,,,,,
gbz-base,gbz-base-baseline,random-1000-00003,random-1000,MHC-GRCh38,MHC,3202374,3203374,1000,100,,,,,,,,,,,,,,,,,,,,,,234.282000,,,,true,,,,,
gbz-base,gbz-base-baseline,random-1000-00004,random-1000,MHC-GRCh38,MHC,1529093,1530093,1000,100,,,,,,,,,,,,,,,,,,,,,,266.109000,,,,true,,,,,
gbz-base,gbz-base-baseline,random-1000-00005,random-1000,MHC-GRCh38,MHC,999079,1000079,1000,100,,,,,,,,,,,,,,,,,,,,,,356.876000,,,,true,,,,,
gbz-base,gbz-base-baseline,random-1000-00006,random-1000,MHC-GRCh38,MHC,4410732,4411732,1000,100,,,,,,,,,,,,,,,,,,,,,,176.488000,,,,true,,,,,
gbz-base,gbz-base-baseline,random-1000-00007,random-1000,MHC-GRCh38,MHC,2388877,2389877,1000,100,,,,,,,,,,,,,,,,,,,,,,206.636000,,,,true,,,,,
gbz-base,gbz-base-baseline,random-1000-00008,random-1000,MHC-GRCh38,MHC,844767,845767,1000,100,,,,,,,,,,,,,,,,,,,,,,208.002000,,,,true,,,,,
gbz-base,gbz-base-baseline,random-1000-00009,random-1000,MHC-GRCh38,MHC,3227097,3228097,1000,100,,,,,,,,,,,,,,,,,,,,,,132.463000,,,,true,,,,,
gbz-base,gbz-base-baseline,random-10000-00000,random-10000,MHC-GRCh38,MHC,3078533,3088533,10000,100,,,,,,,,,,,,,,,,,,,,,,1697.124000,,,,true,,,,,
gbz-base,gbz-base-baseline,random-10000-00001,random-10000,MHC-GRCh38,MHC,2465757,2475757,10000,100,,,,,,,,,,,,,,,,,,,,,,2606.406000,,,,true,,,,,
gbz-base,gbz-base-baseline,random-10000-00002,random-10000,MHC-GRCh38,MHC,3576984,3586984,10000,100,,,,,,,,,,,,,,,,,,,,,,1038.216000,,,,true,,,,,
gbz-base,gbz-base-baseline,random-10000-00003,random-10000,MHC-GRCh38,MHC,3405920,3415920,10000,100,,,,,,,,,,,,,,,,,,,,,,647.234000,,,,true,,,,,
gbz-base,gbz-base-baseline,random-10000-00004,random-10000,MHC-GRCh38,MHC,292664,302664,10000,100,,,,,,,,,,,,,,,,,,,,,,3069.277000,,,,true,,,,,
gbz-base,gbz-base-baseline,random-10000-00005,random-10000,MHC-GRCh38,MHC,2389603,2399603,10000,100,,,,,,,,,,,,,,,,,,,,,,2853.110000,,,,true,,,,,
gbz-base,gbz-base-baseline,random-10000-00006,random-10000,MHC-GRCh38,MHC,542027,552027,10000,100,,,,,,,,,,,,,,,,,,,,,,1317.257000,,,,true,,,,,
gbz-base,gbz-base-baseline,random-10000-00007,random-10000,MHC-GRCh38,MHC,4185669,4195669,10000,100,,,,,,,,,,,,,,,,,,,,,,19521.621000,,,,true,,,,,
gbz-base,gbz-base-baseline,random-10000-00008,random-10000,MHC-GRCh38,MHC,878649,888649,10000,100,,,,,,,,,,,,,,,,,,,,,,2753.256000,,,,true,,,,,
gbz-base,gbz-base-baseline,random-10000-00009,random-10000,MHC-GRCh38,MHC,2541935,2551935,10000,100,,,,,,,,,,,,,,,,,,,,,,6317.989000,,,,true,,,,,
gbz-base,gbz-base-baseline,random-100000-00000,random-100000,MHC-GRCh38,MHC,4262931,4362931,100000,100,,,,,,,,,,,,,,,,,,,,,,47430.097000,,,,true,,,,,
gbz-base,gbz-base-baseline,random-100000-00001,random-100000,MHC-GRCh38,MHC,2031962,2131962,100000,100,,,,,,,,,,,,,,,,,,,,,,8484.580000,,,,true,,,,,
gbz-base,gbz-base-baseline,random-100000-00002,random-100000,MHC-GRCh38,MHC,1080439,1180439,100000,100,,,,,,,,,,,,,,,,,,,,,,21993.443000,,,,true,,,,,
gbz-base,gbz-base-baseline,random-100000-00003,random-100000,MHC-GRCh38,MHC,864953,964953,100000,100,,,,,,,,,,,,,,,,,,,,,,13757.727000,,,,true,,,,,
gbz-base,gbz-base-baseline,random-100000-00004,random-100000,MHC-GRCh38,MHC,4129708,4229708,100000,100,,,,,,,,,,,,,,,,,,,,,,268367.066000,,,,true,,,,,
gbz-base,gbz-base-baseline,random-100000-00005,random-100000,MHC-GRCh38,MHC,4502173,4602173,100000,100,,,,,,,,,,,,,,,,,,,,,,60158.883000,,,,true,,,,,
gbz-base,gbz-base-baseline,random-100000-00006,random-100000,MHC-GRCh38,MHC,434533,534533,100000,100,,,,,,,,,,,,,,,,,,,,,,14124.005000,,,,true,,,,,
gbz-base,gbz-base-baseline,random-100000-00007,random-100000,MHC-GRCh38,MHC,1813450,1913450,100000,100,,,,,,,,,,,,,,,,,,,,,,23423.892000,,,,true,,,,,
gbz-base,gbz-base-baseline,random-100000-00008,random-100000,MHC-GRCh38,MHC,898253,998253,100000,100,,,,,,,,,,,,,,,,,,,,,,7845.572000,,,,true,,,,,
gbz-base,gbz-base-baseline,random-100000-00009,random-100000,MHC-GRCh38,MHC,4231710,4331710,100000,100,,,,,,,,,,,,,,,,,,,,,,55611.516000,,,,true,,,,,
gbz-base,gbz-base-baseline,random-1000000-00000,random-1000000,MHC-GRCh38,MHC,994225,1994225,1000000,100,,,,,,,,,,,,,,,,,,,,,,446691.856000,,,,true,,,,,
gbz-base,gbz-base-baseline,random-1000000-00001,random-1000000,MHC-GRCh38,MHC,3053916,4053916,1000000,100,,,,,,,,,,,,,,,,,,,,,,573288.139000,,,,true,,,,,
gbz-base,gbz-base-baseline,random-1000000-00002,random-1000000,MHC-GRCh38,MHC,3662178,4662178,1000000,100,,,,,,,,,,,,,,,,,,,,,,1324941.963000,,,,true,,,,,
gbz-base,gbz-base-baseline,random-1000000-00003,random-1000000,MHC-GRCh38,MHC,1664410,2664410,1000000,100,,,,,,,,,,,,,,,,,,,,,,258524.212000,,,,true,,,,,
gbz-base,gbz-base-baseline,random-1000000-00004,random-1000000,MHC-GRCh38,MHC,3882446,4882446,1000000,100,,,,,,,,,,,,,,,,,,,,,,1256989.176000,,,,true,,,,,
gbz-base,gbz-base-baseline,random-1000000-00005,random-1000000,MHC-GRCh38,MHC,3946668,4946668,1000000,100,,,,,,,,,,,,,,,,,,,,,,1199404.004000,,,,true,,,,,
gbz-base,gbz-base-baseline,random-1000000-00006,random-1000000,MHC-GRCh38,MHC,2514903,3514903,1000000,100,,,,,,,,,,,,,,,,,,,,,,594022.101000,,,,true,,,,,
gbz-base,gbz-base-baseline,random-1000000-00007,random-1000000,MHC-GRCh38,MHC,1441302,2441302,1000000,100,,,,,,,,,,,,,,,,,,,,,,249408.106000,,,,true,,,,,
gbz-base,gbz-base-baseline,random-1000000-00008,random-1000000,MHC-GRCh38,MHC,3577106,4577106,1000000,100,,,,,,,,,,,,,,,,,,,,,,1305796.887000,,,,true,,,,,
gbz-base,gbz-base-baseline,random-1000000-00009,random-1000000,MHC-GRCh38,MHC,3789056,4789056,1000000,100,,,,,,,,,,,,,,,,,,,,,,1294725.634000,,,,true,,,,,
fixed-window,fixed-w16k-zstd-3,random-1000-00000,random-1000,MHC-GRCh38,MHC,2654244,2655244,1000,100,0,3,0,3,31964,31964,0,16384,4269,4096,1,0,11484,902,2731,35.436807,11.704138,6.165000,53.556000,185.347000,246.748000,5776.674000,1,20,3b5206c8231075aa505404e4667a148497d97494984bf86a2d917beadde6cc4e,true,1,true,62.352373,155.557120,314.523733
fixed-window,fixed-w16k-zstd-3,random-1000-00001,random-1000,MHC-GRCh38,MHC,4897918,4898918,1000,100,0,2,0,2,17565,17565,0,0,4269,4096,1,0,13469,1030,2915,17.053398,6.025729,10.471000,63.220000,34.401000,61.368000,1632.701000,2,5,a9913d6532a8e7e3c9b67a80e2f26d0a1c0915ceefe63b75542ba80774c7ea68,true,2,true,41.468400,103.405200,208.684000
fixed-window,fixed-w16k-zstd-3,random-1000-00002,random-1000,MHC-GRCh38,MHC,1758423,1759423,1000,100,0,2,0,2,8182,8182,0,0,4269,173,1,0,8009,637,1847,12.844584,4.429886,7.295000,36.076000,46.965000,75.358000,1709.554000,1,10,7d641bb18f0c5bc6ae3b22d42b8ff8ba458eeabdde0008ea306fcdc0c4f9674f,true,1,true,41.218187,102.654560,206.181867
fixed-window,fixed-w16k-zstd-3,random-1000-00003,random-1000,MHC-GRCh38,MHC,3202374,3203374,1000,100,0,2,0,2,11212,11212,0,0,4269,4096,1,0,7116,921,2656,12.173724,4.221386,8.379000,36.584000,31.450000,47.241000,1278.649000,1,5,4ae64fc9a254e620d91dba9952a267047699ec5c2c9503ce1257d25612b7a521,true,1,true,41.298987,102.896960,206.989867
fixed-window,fixed-w16k-zstd-3,random-1000-00004,random-1000,MHC-GRCh38,MHC,1529093,1530093,1000,100,0,1,0,1,9464,9464,0,0,4269,0,1,0,9464,675,1884,14.020741,5.023355,4.367000,41.933000,79.463000,125.898000,2760.473000,1,7,b4440216a6956d3d323cc2db8178d8aa6c7b16f048bd83b3504a1ba3b6e15473,true,1,true,20.752373,51.757120,104.523733
fixed-window,fixed-w16k-zstd-3,random-1000-00005,random-1000,MHC-GRCh38,MHC,999079,1000079,1000,100,0,1,0,1,15156,15156,0,0,4269,0,1,0,15156,813,2483,18.642066,6.103907,5.974000,67.197000,83.915000,134.066000,3161.581000,2,19,439d7c637a6781a4bbb6a562c58d0e17fcd5828cbef6aab1328677e8c84af9a5,true,2,true,20.904160,52.212480,106.041600
fixed-window,fixed-w16k-zstd-3,random-1000-00006,random-1000,MHC-GRCh38,MHC,4410732,4411732,1000,100,0,2,0,2,11201,11201,0,0,4269,4096,1,0,7105,633,1820,17.695103,6.154396,9.735000,32.591000,33.760000,52.224000,1383.516000,1,7,42deacd8686643e817742633bc61b557535b9da78debab9d9a232bd388012911,true,1,true,41.298693,102.896080,206.986933
fixed-window,fixed-w16k-zstd-3,random-1000-00007,random-1000,MHC-GRCh38,MHC,2388877,2389877,1000,100,0,2,0,2,11953,11953,0,0,4269,4096,1,0,7857,719,2057,16.624478,5.810890,7.075000,34.490000,39.777000,61.128000,1522.553000,1,7,2503d4f8884267667765a2ba7da7072e23a4bdb5ace0f398060257cfca6a2e8f,true,1,true,41.318747,102.956240,207.187467
fixed-window,fixed-w16k-zstd-3,random-1000-00008,random-1000,MHC-GRCh38,MHC,844767,845767,1000,100,0,1,0,1,6945,6945,0,0,4269,0,1,1,6945,680,1955,10.213235,3.552430,3.629000,30.997000,18.469000,65.741000,894.423000,1,10,ae982ed68bfe294539d13cdad535a83e2383de77df172caf8e48111d28e0403a,true,1,true,20.685200,51.555600,103.852000
fixed-window,fixed-w16k-zstd-3,random-1000-00009,random-1000,MHC-GRCh38,MHC,3227097,3228097,1000,100,0,1,0,1,13893,13893,0,0,4269,0,1,1,13893,654,1812,21.243119,7.667219,3.008000,64.665000,49.429000,77.874000,2133.539000,2,4,f0898187c6ee635c25afa3e98dfe696825a4088c01d6384fc40b251c3084e8ba,true,2,true,20.870480,52.111440,105.704800
fixed-window,fixed-w16k-zstd-3,random-10000-00000,random-10000,MHC-GRCh38,MHC,3078533,3088533,10000,100,0,1,0,1,14191,14191,0,0,4269,0,1,1,14191,4376,15611,3.242916,0.909038,3.838000,72.407000,69.561000,181.374000,2896.944000,2,97,a226c1a97b9f2b1b161cc24fa7796a19e0e03a05bcb21d1679edacc078206aca,true,2,true,20.878427,52.135280,105.784267
fixed-window,fixed-w16k-zstd-3,random-10000-00001,random-10000,MHC-GRCh38,MHC,2465757,2475757,10000,100,0,1,0,1,19438,19438,0,0,4269,0,1,1,19438,4942,17922,3.933225,1.084589,7.200000,89.023000,225.836000,439.955000,7589.739000,2,160,18c638950430e7287753e6c893997c5bcb94ec70c95f642c96be0e0cb6ee30bd,true,2,true,21.018347,52.555040,107.183467
fixed-window,fixed-w16k-zstd-3,random-10000-00002,random-10000,MHC-GRCh38,MHC,3576984,3586984,10000,100,0,1,0,1,6711,6711,0,0,4269,0,1,1,6711,4166,13464,1.610898,0.498440,7.321000,31.756000,22.523000,81.726000,1072.136000,1,57,0fa42a148fe875d07622392b354010facde5caa5ac60e40fd0285cabffee0783,true,1,true,20.678960,51.536880,103.789600
fixed-window,fixed-w16k-zstd-3,random-10000-00003,random-10000,MHC-GRCh38,MHC,3405920,3415920,10000,100,0,1,0,1,12965,12965,0,0,4269,0,1,1,12965,3781,12166,3.428987,1.065675,3.657000,62.616000,41.524000,107.163000,1911.875000,2,33,bc85f71629e1284bc880611cad704750338d046f8f9edc844460a11ac86c3915,true,2,true,20.845733,52.037200,105.457333
fixed-window,fixed-w16k-zstd-3,random-10000-00004,random-10000,MHC-GRCh38,MHC,292664,302664,10000,100,0,1,0,1,18611,18611,0,0,4269,0,1,0,18611,5248,19497,3.546303,0.954557,5.410000,85.286000,153.366000,396.066000,5464.064000,2,191,d85f79126ce4c94ab629618954e55833d921cc424c2ee756fd034077a86a039f,true,2,true,20.996293,52.488880,106.962933
fixed-window,fixed-w16k-zstd-3,random-10000-00005,random-10000,MHC-GRCh38,MHC,2389603,2399603,10000,100,0,1,0,1,16833,16833,0,0,4269,0,1,1,16833,5061,19206,3.326023,0.876445,10.640000,74.689000,116.289000,320.035000,4305.487000,2,178,5cb4810908f80d9e7f6228afabed49ec7f4659a34e6032f27da5b90edb42c04f,true,2,true,20.948880,52.346640,106.488800
fixed-window,fixed-w16k-zstd-3,random-10000-00006,random-10000,MHC-GRCh38,MHC,542027,552027,10000,100,0,1,0,1,7388,7388,0,0,4269,0,1,1,7388,4324,14145,1.708603,0.522305,2.512000,33.309000,40.091000,120.589000,1630.868000,1,74,1f9af7cf814a76906df1eb64a9ef18682c6cb4f3802bb9fc419c24ed16c4106c,true,1,true,20.697013,51.591040,103.970133
fixed-window,fixed-w16k-zstd-3,random-10000-00007,random-10000,MHC-GRCh38,MHC,4185669,4195669,10000,100,0,2,0,2,45599,45599,0,0,8365,4096,2,1,41503,12327,65240,3.699116,0.698942,9.993000,226.672000,1280.794000,2662.300000,39880.017000,2,1170,5a3ae2b12692701109ad8e1002703708ee9e13fd504637d7be47e89badf47e56,true,2,true,42.215973,105.647920,216.159733
fixed-window,fixed-w16k-zstd-3,random-10000-00008,random-10000,MHC-GRCh38,MHC,878649,888649,10000,100,0,1,0,1,17402,17402,0,0,4269,0,1,1,17402,5217,18813,3.335634,0.924999,7.430000,103.194000,157.392000,350.124000,5424.635000,2,164,e9846528d2987e5b243b84e06c4e4de050dcb484f99397be7552530cae6fdb9c,true,2,true,20.964053,52.392160,106.640533
fixed-window,fixed-w16k-zstd-3,random-10000-00009,random-10000,MHC-GRCh38,MHC,2541935,2551935,10000,100,0,1,0,1,11162,11162,0,0,4269,0,1,1,11162,6843,28391,1.631156,0.393153,1.927000,52.158000,184.473000,567.778000,6074.309000,1,378,a9067e4405488766ba93b0bf006e1c40714e8bdd4a7a5910b6b5ee549b3df051,true,1,true,20.797653,51.892960,104.976533
fixed-window,fixed-w16k-zstd-3,random-100000-00000,random-100000,MHC-GRCh38,MHC,4262931,4362931,100000,100,0,1,0,1,73829,73829,0,0,4269,0,1,1,73829,55159,235977,1.338476,0.312865,5.891000,341.295000,1111.610000,4372.673000,38344.542000,7,2892,02e76019057620276d7b24eff41b461f7b7cee0b70d3c17a6848938cdd874afc,true,7,true,22.468773,56.906320,121.687733
fixed-window,fixed-w16k-zstd-3,random-100000-00001,random-100000,MHC-GRCh38,MHC,2031962,2131962,100000,100,0,1,0,1,47685,47685,0,0,8365,0,2,2,47685,35600,123192,1.339466,0.387079,17.416000,227.180000,165.513000,682.810000,7419.008000,7,485,0e6481b4aea9775cb40e135320663d79d9c5b2438d708b7ce057125d307ab385,true,7,true,21.771600,54.814800,114.716000
fixed-window,fixed-w16k-zstd-3,random-100000-00002,random-100000,MHC-GRCh38,MHC,1080439,1180439,100000,100,0,1,0,1,72044,72044,0,0,4269,0,1,1,72044,42544,164051,1.693400,0.439156,8.070000,346.533000,720.291000,2347.983000,26128.299000,8,1338,525ac5f4f8888ff142bb3cb5dcc31d90c67838570f43e4d621f1de3c2af1e282,true,8,true,22.421173,56.763520,121.211733
fixed-window,fixed-w16k-zstd-3,random-100000-00003,random-100000,MHC-GRCh38,MHC,864953,964953,100000,100,0,1,0,1,53854,53854,0,0,4269,0,1,1,53854,40250,139644,1.337988,0.385652,17.761000,250.197000,291.307000,1200.704000,11889.301000,7,820,f63c1c1ae119744ed369189b5c6d9bbeb3082e77ccdbc4f143462ca249170e2f,true,7,true,21.936107,55.308320,116.361067
fixed-window,fixed-w16k-zstd-3,random-100000-00004,random-100000,MHC-GRCh38,MHC,4129708,4229708,100000,100,0,1,0,1,163627,163627,0,0,8365,0,2,2,163627,130563,850777,1.253242,0.192327,15.682000,946.442000,6028.653000,29696.855000,210251.692000,7,15919,ff1824f95c5c4d1ae98f7aa7ec3196eabbd29357737c6b5c119d6ab861e72dab,true,7,true,24.863387,64.090160,145.633867
fixed-window,fixed-w16k-zstd-3,random-100000-00005,random-100000,MHC-GRCh38,MHC,4502173,4602173,100000,100,0,1,0,1,75832,75832,0,0,4269,0,1,1,75832,56812,273849,1.334788,0.276912,23.439000,357.195000,1275.027000,5529.036000,43620.934000,7,3665,d32e2d3f27a3f57b88d1619f5a65e70a83bd4bd81d5ba1797bf8b6197787fdeb,true,7,true,22.522187,57.066560,122.221867
fixed-window,fixed-w16k-zstd-3,random-100000-00006,random-100000,MHC-GRCh38,MHC,434533,534533,100000,100,0,1,0,1,52810,52810,0,0,8365,0,2,2,52810,39792,140577,1.327151,0.375666,17.149000,239.649000,278.974000,1197.073000,11259.975000,7,846,1940257266694447e0267493a27ede3bafc72f732f4e903d2eec81c58cb35a9e,true,7,true,21.908267,55.224800,116.082667
fixed-window,fixed-w16k-zstd-3,random-100000-00007,random-100000,MHC-GRCh38,MHC,1813450,1913450,100000,100,0,1,0,1,59476,59476,0,0,4269,0,1,1,59476,43906,167100,1.354621,0.355931,12.742000,274.918000,485.615000,2007.114000,18104.480000,7,1420,dc5ca152d81ae54cebcf48331832fba0010aae4da320c92291ed83d61307e910,true,7,true,22.086027,55.758080,117.860267
fixed-window,fixed-w16k-zstd-3,random-100000-00008,random-100000,MHC-GRCh38,MHC,898253,998253,100000,100,0,1,0,1,50265,50265,0,0,4269,0,1,1,50265,36620,121650,1.372611,0.413194,14.750000,224.147000,197.827000,681.786000,8484.550000,7,444,e86e4ccb0efeabb04b13ac613d199293c88eeca5eb176c8ab4ab008fa60c968c,true,7,true,21.840400,55.021200,115.404000
fixed-window,fixed-w16k-zstd-3,random-100000-00009,random-100000,MHC-GRCh38,MHC,4231710,4331710,100000,100,0,1,0,1,77155,77155,0,0,4269,0,1,1,77155,58608,258713,1.316459,0.298226,6.971000,365.026000,1307.928000,5426.661000,47660.205000,7,3379,77a5e24417bd9b7d78fce6f25ac32d3f1821452524303f06351b36e28d1d2c5d,true,7,true,22.557467,57.172400,122.574667
fixed-window,fixed-w16k-zstd-3,random-1000000-00000,random-1000000,MHC-GRCh38,MHC,994225,1994225,1000000,100,0,1,0,1,618152,618152,0,0,12461,0,3,3,618152,469996,2175213,1.315228,0.284180,18.960000,2882.147000,7878.033000,47493.126000,293351.233000,62,24980,900de15a30244e0f9f1d367beea18034b027a94dffc705d9c7d2acb3f358f25b,true,62,true,36.984053,100.452160,266.840533
fixed-window,fixed-w16k-zstd-3,random-1000000-00001,random-1000000,MHC-GRCh38,MHC,3053916,4053916,1000000,100,0,1,0,1,665426,665426,0,0,12461,0,3,3,665426,508168,2592988,1.309461,0.256625,52.765000,3411.741000,11693.916000,67952.586000,443116.117000,62,33451,f09a8d6454d792ad27876f385c33f0e35ec527f81b6d7e755ced42d19fea6c75,true,62,true,38.244693,104.234080,279.446933
fixed-window,fixed-w16k-zstd-3,random-1000000-00002,random-1000000,MHC-GRCh38,MHC,3662178,4662178,1000000,100,0,1,0,1,958875,958875,0,0,12461,0,3,3,958875,784549,4589109,1.222199,0.208946,60.851000,5210.698000,25617.087000,154426.137000,943537.127000,62,75875,02c21edd0c02778fcbdec11b80dbfba675f3d1acaf6b5468d66ab1e352096d29,true,62,true,46.070000,127.710000,357.700000
fixed-window,fixed-w16k-zstd-3,random-1000000-00003,random-1000000,MHC-GRCh38,MHC,1664410,2664410,1000000,100,0,1,0,1,530200,530200,0,0,12461,0,3,3,530200,403677,1701027,1.313426,0.311694,65.606000,2485.231000,4789.180000,27083.669000,182724.931000,62,14806,43e098622c8593968fdd2163f752998d5d12723486bd15ed66a4d5333027fb11,true,62,true,34.638667,93.416000,243.386667
fixed-window,fixed-w16k-zstd-3,random-1000000-00004,random-1000000,MHC-GRCh38,MHC,3882446,4882446,1000000,100,0,1,0,1,930563,930563,0,0,12461,0,3,3,930563,756186,4392921,1.230601,0.211832,49.975000,5132.829000,24712.896000,150103.882000,944818.231000,63,71788,9e64218826bdea11f7ae990f5c61a92583f29d81808e545e067af1fc3c591ba8,true,63,true,45.315013,125.445040,350.150133
fixed-window,fixed-w16k-zstd-3,random-1000000-00005,random-1000000,MHC-GRCh38,MHC,3946668,4946668,1000000,100,0,1,0,1,898544,898544,0,0,12461,0,3,3,898544,737300,4256436,1.218695,0.211102,69.062000,4993.417000,23855.673000,140965.441000,902798.290000,62,68872,12333edc92c9c9b4952b0ffc8ee9f498a7992fc912b4071429505ee6645f775b,true,62,true,44.461173,122.883520,341.611733
fixed-window,fixed-w16k-zstd-3,random-1000000-00006,random-1000000,MHC-GRCh38,MHC,2514903,3514903,1000000,100,0,1,0,1,682839,682839,0,0,12461,0,3,3,682839,518279,2586932,1.317512,0.263957,71.843000,3428.839000,12125.299000,66414.207000,433358.729000,62,33702,29b3ca8361a94516c094f51ff663bfbbd9c9f8163e7cee977a196be6c88eb930,true,62,true,38.709040,105.627120,284.090400
fixed-window,fixed-w16k-zstd-3,random-1000000-00007,random-1000000,MHC-GRCh38,MHC,1441302,2441302,1000000,100,0,1,0,1,539272,539272,0,0,12461,0,3,3,539272,394986,1629580,1.365294,0.330927,81.647000,2501.335000,4835.957000,25945.309000,184388.815000,63,13330,8d06c53b9e1329895b9ead9b8be190a86942bcb591389cf4d503d7ac726fba27,true,63,true,34.880587,94.141760,245.805867
fixed-window,fixed-w16k-zstd-3,random-1000000-00008,random-1000000,MHC-GRCh38,MHC,3577106,4577106,1000000,100,0,1,0,1,938353,938353,0,0,12461,0,3,3,938353,769269,4478267,1.219798,0.209535,39.145000,5086.422000,24820.997000,150239.242000,949617.373000,62,73514,36de4f805286a2db3ebd2d6d3e16345eba5fa117165535b71920af902c7375a4,true,62,true,45.522747,126.068240,352.227467
fixed-window,fixed-w16k-zstd-3,random-1000000-00009,random-1000000,MHC-GRCh38,MHC,3789056,4789056,1000000,100,0,1,0,1,941123,941123,0,0,12461,0,3,3,941123,772554,4502660,1.218197,0.209015,80.009000,5363.921000,25755.618000,176283.962000,1005175.375000,62,74064,fdfbfd20da08b880ef79c9e7348f561727cc044fe39eb3a6c0a0efea83d4fe64,true,62,true,45.596613,126.289840,352.966133
fixed-window,fixed-w16k-zstd-3,random-1000-00000,random-1000,MHC-GRCh38,MHC,2654244,2655244,1000,100,4096,3,0,3,31964,31964,0,16384,4269,4096,1,0,11484,902,2731,35.436807,11.704138,6.356000,57.385000,203.745000,251.139000,5993.893000,1,20,3b5206c8231075aa505404e4667a148497d97494984bf86a2d917beadde6cc4e,true,1,true,62.352373,155.557120,314.523733
fixed-window,fixed-w16k-zstd-3,random-1000-00001,random-1000,MHC-GRCh38,MHC,4897918,4898918,1000,100,4096,2,0,2,17565,17565,0,0,4269,4096,1,0,13469,1030,2915,17.053398,6.025729,15.213000,64.389000,35.753000,64.953000,1667.685000,2,5,a9913d6532a8e7e3c9b67a80e2f26d0a1c0915ceefe63b75542ba80774c7ea68,true,2,true,41.468400,103.405200,208.684000
fixed-window,fixed-w16k-zstd-3,random-1000-00002,random-1000,MHC-GRCh38,MHC,1758423,1759423,1000,100,4096,2,0,2,8182,8182,0,0,4269,173,1,0,8009,637,1847,12.844584,4.429886,10.655000,36.805000,46.588000,74.827000,1811.200000,1,10,7d641bb18f0c5bc6ae3b22d42b8ff8ba458eeabdde0008ea306fcdc0c4f9674f,true,1,true,41.218187,102.654560,206.181867
fixed-window,fixed-w16k-zstd-3,random-1000-00003,random-1000,MHC-GRCh38,MHC,3202374,3203374,1000,100,4096,2,0,2,11212,11212,0,0,4269,4096,1,0,7116,921,2656,12.173724,4.221386,10.764000,38.634000,31.948000,48.859000,1342.261000,1,5,4ae64fc9a254e620d91dba9952a267047699ec5c2c9503ce1257d25612b7a521,true,1,true,41.298987,102.896960,206.989867
fixed-window,fixed-w16k-zstd-3,random-1000-00004,random-1000,MHC-GRCh38,MHC,1529093,1530093,1000,100,4096,1,0,1,9464,9464,0,0,4269,0,1,0,9464,675,1884,14.020741,5.023355,6.628000,42.398000,79.988000,142.109000,2829.520000,1,7,b4440216a6956d3d323cc2db8178d8aa6c7b16f048bd83b3504a1ba3b6e15473,true,1,true,20.752373,51.757120,104.523733
fixed-window,fixed-w16k-zstd-3,random-1000-00005,random-1000,MHC-GRCh38,MHC,999079,1000079,1000,100,4096,1,0,1,15156,15156,0,0,4269,0,1,0,15156,813,2483,18.642066,6.103907,6.454000,67.800000,83.778000,137.100000,3234.296000,2,19,439d7c637a6781a4bbb6a562c58d0e17fcd5828cbef6aab1328677e8c84af9a5,true,2,true,20.904160,52.212480,106.041600
fixed-window,fixed-w16k-zstd-3,random-1000-00006,random-1000,MHC-GRCh38,MHC,4410732,4411732,1000,100,4096,2,0,2,11201,11201,0,0,4269,4096,1,0,7105,633,1820,17.695103,6.154396,12.097000,33.013000,33.587000,53.468000,1433.252000,1,7,42deacd8686643e817742633bc61b557535b9da78debab9d9a232bd388012911,true,1,true,41.298693,102.896080,206.986933
fixed-window,fixed-w16k-zstd-3,random-1000-00007,random-1000,MHC-GRCh38,MHC,2388877,2389877,1000,100,4096,2,0,2,11953,11953,0,0,4269,4096,1,0,7857,719,2057,16.624478,5.810890,10.635000,52.523000,45.255000,61.573000,1615.232000,1,7,2503d4f8884267667765a2ba7da7072e23a4bdb5ace0f398060257cfca6a2e8f,true,1,true,41.318747,102.956240,207.187467
fixed-window,fixed-w16k-zstd-3,random-1000-00008,random-1000,MHC-GRCh38,MHC,844767,845767,1000,100,4096,1,0,1,6945,6945,0,0,4269,0,1,1,6945,680,1955,10.213235,3.552430,8.140000,31.524000,19.389000,66.654000,913.146000,1,10,ae982ed68bfe294539d13cdad535a83e2383de77df172caf8e48111d28e0403a,true,1,true,20.685200,51.555600,103.852000
fixed-window,fixed-w16k-zstd-3,random-1000-00009,random-1000,MHC-GRCh38,MHC,3227097,3228097,1000,100,4096,1,0,1,13893,13893,0,0,4269,0,1,1,13893,654,1812,21.243119,7.667219,6.240000,66.166000,50.421000,81.243000,2171.951000,2,4,f0898187c6ee635c25afa3e98dfe696825a4088c01d6384fc40b251c3084e8ba,true,2,true,20.870480,52.111440,105.704800
fixed-window,fixed-w16k-zstd-3,random-10000-00000,random-10000,MHC-GRCh38,MHC,3078533,3088533,10000,100,4096,1,0,1,14191,14191,0,0,4269,0,1,1,14191,4376,15611,3.242916,0.909038,5.690000,67.559000,71.290000,183.923000,2905.814000,2,97,a226c1a97b9f2b1b161cc24fa7796a19e0e03a05bcb21d1679edacc078206aca,true,2,true,20.878427,52.135280,105.784267
fixed-window,fixed-w16k-zstd-3,random-10000-00001,random-10000,MHC-GRCh38,MHC,2465757,2475757,10000,100,4096,1,0,1,19438,19438,0,0,4269,0,1,1,19438,4942,17922,3.933225,1.084589,8.094000,90.659000,223.314000,448.018000,7781.843000,2,160,18c638950430e7287753e6c893997c5bcb94ec70c95f642c96be0e0cb6ee30bd,true,2,true,21.018347,52.555040,107.183467
fixed-window,fixed-w16k-zstd-3,random-10000-00002,random-10000,MHC-GRCh38,MHC,3576984,3586984,10000,100,4096,1,0,1,6711,6711,0,0,4269,0,1,1,6711,4166,13464,1.610898,0.498440,8.290000,31.433000,22.529000,89.423000,1108.801000,1,57,0fa42a148fe875d07622392b354010facde5caa5ac60e40fd0285cabffee0783,true,1,true,20.678960,51.536880,103.789600
fixed-window,fixed-w16k-zstd-3,random-10000-00003,random-10000,MHC-GRCh38,MHC,3405920,3415920,10000,100,4096,1,0,1,12965,12965,0,0,4269,0,1,1,12965,3781,12166,3.428987,1.065675,2.800000,63.828000,41.946000,108.600000,1942.860000,2,33,bc85f71629e1284bc880611cad704750338d046f8f9edc844460a11ac86c3915,true,2,true,20.845733,52.037200,105.457333
fixed-window,fixed-w16k-zstd-3,random-10000-00004,random-10000,MHC-GRCh38,MHC,292664,302664,10000,100,4096,1,0,1,18611,18611,0,0,4269,0,1,0,18611,5248,19497,3.546303,0.954557,7.209000,86.303000,155.045000,402.690000,5629.356000,2,191,d85f79126ce4c94ab629618954e55833d921cc424c2ee756fd034077a86a039f,true,2,true,20.996293,52.488880,106.962933
fixed-window,fixed-w16k-zstd-3,random-10000-00005,random-10000,MHC-GRCh38,MHC,2389603,2399603,10000,100,4096,1,0,1,16833,16833,0,0,4269,0,1,1,16833,5061,19206,3.326023,0.876445,11.094000,80.430000,115.693000,327.152000,4408.482000,2,178,5cb4810908f80d9e7f6228afabed49ec7f4659a34e6032f27da5b90edb42c04f,true,2,true,20.948880,52.346640,106.488800
fixed-window,fixed-w16k-zstd-3,random-10000-00006,random-10000,MHC-GRCh38,MHC,542027,552027,10000,100,4096,1,0,1,7388,7388,0,0,4269,0,1,1,7388,4324,14145,1.708603,0.522305,8.844000,34.784000,40.498000,130.705000,1737.559000,1,74,1f9af7cf814a76906df1eb64a9ef18682c6cb4f3802bb9fc419c24ed16c4106c,true,1,true,20.697013,51.591040,103.970133
fixed-window,fixed-w16k-zstd-3,random-10000-00007,random-10000,MHC-GRCh38,MHC,4185669,4195669,10000,100,4096,2,0,2,45599,45599,0,0,8365,4096,2,1,41503,12327,65240,3.699116,0.698942,14.811000,233.083000,1313.516000,2736.463000,40186.012000,2,1170,5a3ae2b12692701109ad8e1002703708ee9e13fd504637d7be47e89badf47e56,true,2,true,42.215973,105.647920,216.159733
fixed-window,fixed-w16k-zstd-3,random-10000-00008,random-10000,MHC-GRCh38,MHC,878649,888649,10000,100,4096,1,0,1,17402,17402,0,0,4269,0,1,1,17402,5217,18813,3.335634,0.924999,8.885000,81.982000,152.164000,353.050000,5519.916000,2,164,e9846528d2987e5b243b84e06c4e4de050dcb484f99397be7552530cae6fdb9c,true,2,true,20.964053,52.392160,106.640533
fixed-window,fixed-w16k-zstd-3,random-10000-00009,random-10000,MHC-GRCh38,MHC,2541935,2551935,10000,100,4096,1,0,1,11162,11162,0,0,4269,0,1,1,11162,6843,28391,1.631156,0.393153,8.710000,52.706000,188.358000,649.452000,6253.606000,1,378,a9067e4405488766ba93b0bf006e1c40714e8bdd4a7a5910b6b5ee549b3df051,true,1,true,20.797653,51.892960,104.976533
fixed-window,fixed-w16k-zstd-3,random-100000-00000,random-100000,MHC-GRCh38,MHC,4262931,4362931,100000,100,4096,1,0,1,73829,73829,0,0,4269,0,1,1,73829,55159,235977,1.338476,0.312865,4.161000,354.247000,1144.516000,5276.820000,40172.288000,7,2892,02e76019057620276d7b24eff41b461f7b7cee0b70d3c17a6848938cdd874afc,true,7,true,22.468773,56.906320,121.687733
fixed-window,fixed-w16k-zstd-3,random-100000-00001,random-100000,MHC-GRCh38,MHC,2031962,2131962,100000,100,4096,1,0,1,47685,47685,0,0,8365,0,2,2,47685,35600,123192,1.339466,0.387079,31.805000,229.121000,160.394000,703.118000,7572.985000,7,485,0e6481b4aea9775cb40e135320663d79d9c5b2438d708b7ce057125d307ab385,true,7,true,21.771600,54.814800,114.716000
fixed-window,fixed-w16k-zstd-3,random-100000-00002,random-100000,MHC-GRCh38,MHC,1080439,1180439,100000,100,4096,1,0,1,72044,72044,0,0,4269,0,1,1,72044,42544,164051,1.693400,0.439156,9.500000,348.366000,717.078000,2376.837000,26263.469000,8,1338,525ac5f4f8888ff142bb3cb5dcc31d90c67838570f43e4d621f1de3c2af1e282,true,8,true,22.421173,56.763520,121.211733
fixed-window,fixed-w16k-zstd-3,random-100000-00003,random-100000,MHC-GRCh38,MHC,864953,964953,100000,100,4096,1,0,1,53854,53854,0,0,4269,0,1,1,53854,40250,139644,1.337988,0.385652,20.974000,252.379000,288.810000,1237.017000,12010.766000,7,820,f63c1c1ae119744ed369189b5c6d9bbeb3082e77ccdbc4f143462ca249170e2f,true,7,true,21.936107,55.308320,116.361067
fixed-window,fixed-w16k-zstd-3,random-100000-00004,random-100000,MHC-GRCh38,MHC,4129708,4229708,100000,100,4096,1,0,1,163627,163627,0,0,8365,0,2,2,163627,130563,850777,1.253242,0.192327,19.813000,1042.808000,6351.679000,31716.543000,223149.268000,7,15919,ff1824f95c5c4d1ae98f7aa7ec3196eabbd29357737c6b5c119d6ab861e72dab,true,7,true,24.863387,64.090160,145.633867
fixed-window,fixed-w16k-zstd-3,random-100000-00005,random-100000,MHC-GRCh38,MHC,4502173,4602173,100000,100,4096,1,0,1,75832,75832,0,0,4269,0,1,1,75832,56812,273849,1.334788,0.276912,27.753000,399.688000,1391.472000,5849.632000,46239.754000,7,3665,d32e2d3f27a3f57b88d1619f5a65e70a83bd4bd81d5ba1797bf8b6197787fdeb,true,7,true,22.522187,57.066560,122.221867
fixed-window,fixed-w16k-zstd-3,random-100000-00006,random-100000,MHC-GRCh38,MHC,434533,534533,100000,100,4096,1,0,1,52810,52810,0,0,8365,0,2,2,52810,39792,140577,1.327151,0.375666,23.333000,259.633000,301.722000,1212.386000,11965.420000,7,846,1940257266694447e0267493a27ede3bafc72f732f4e903d2eec81c58cb35a9e,true,7,true,21.908267,55.224800,116.082667
fixed-window,fixed-w16k-zstd-3,random-100000-00007,random-100000,MHC-GRCh38,MHC,1813450,1913450,100000,100,4096,1,0,1,59476,59476,0,0,4269,0,1,1,59476,43906,167100,1.354621,0.355931,16.263000,293.309000,535.108000,2128.345000,19431.373000,7,1420,dc5ca152d81ae54cebcf48331832fba0010aae4da320c92291ed83d61307e910,true,7,true,22.086027,55.758080,117.860267
fixed-window,fixed-w16k-zstd-3,random-100000-00008,random-100000,MHC-GRCh38,MHC,898253,998253,100000,100,4096,1,0,1,50265,50265,0,0,4269,0,1,1,50265,36620,121650,1.372611,0.413194,8.656000,246.402000,218.848000,695.428000,9185.970000,7,444,e86e4ccb0efeabb04b13ac613d199293c88eeca5eb176c8ab4ab008fa60c968c,true,7,true,21.840400,55.021200,115.404000
fixed-window,fixed-w16k-zstd-3,random-100000-00009,random-100000,MHC-GRCh38,MHC,4231710,4331710,100000,100,4096,1,0,1,77155,77155,0,0,4269,0,1,1,77155,58608,258713,1.316459,0.298226,12.228000,353.628000,1380.597000,5104.738000,45276.037000,7,3379,77a5e24417bd9b7d78fce6f25ac32d3f1821452524303f06351b36e28d1d2c5d,true,7,true,22.557467,57.172400,122.574667
fixed-window,fixed-w16k-zstd-3,random-1000000-00000,random-1000000,MHC-GRCh38,MHC,994225,1994225,1000000,100,4096,1,0,1,618152,618152,0,0,12461,0,3,3,618152,469996,2175213,1.315228,0.284180,26.930000,3089.589000,8054.701000,49638.019000,310862.347000,62,24980,900de15a30244e0f9f1d367beea18034b027a94dffc705d9c7d2acb3f358f25b,true,62,true,36.984053,100.452160,266.840533
fixed-window,fixed-w16k-zstd-3,random-1000000-00001,random-1000000,MHC-GRCh38,MHC,3053916,4053916,1000000,100,4096,1,0,1,665426,665426,0,0,12461,0,3,3,665426,508168,2592988,1.309461,0.256625,73.130000,3667.329000,12356.891000,72395.760000,478916.137000,62,33451,f09a8d6454d792ad27876f385c33f0e35ec527f81b6d7e755ced42d19fea6c75,true,62,true,38.244693,104.234080,279.446933
fixed-window,fixed-w16k-zstd-3,random-1000000-00002,random-1000000,MHC-GRCh38,MHC,3662178,4662178,1000000,100,4096,1,0,1,958875,958875,0,0,12461,0,3,3,958875,784549,4589109,1.222199,0.208946,54.383000,5326.822000,25990.448000,157610.561000,976087.993000,62,75875,02c21edd0c02778fcbdec11b80dbfba675f3d1acaf6b5468d66ab1e352096d29,true,62,true,46.070000,127.710000,357.700000
fixed-window,fixed-w16k-zstd-3,random-1000000-00003,random-1000000,MHC-GRCh38,MHC,1664410,2664410,1000000,100,4096,1,0,1,530200,530200,0,0,12461,0,3,3,530200,403677,1701027,1.313426,0.311694,98.314000,2534.192000,4870.146000,28933.505000,188048.580000,62,14806,43e098622c8593968fdd2163f752998d5d12723486bd15ed66a4d5333027fb11,true,62,true,34.638667,93.416000,243.386667
fixed-window,fixed-w16k-zstd-3,random-1000000-00004,random-1000000,MHC-GRCh38,MHC,3882446,4882446,1000000,100,4096,1,0,1,930563,930563,0,0,12461,0,3,3,930563,756186,4392921,1.230601,0.211832,49.792000,5285.848000,25129.736000,157063.225000,937963.153000,63,71788,9e64218826bdea11f7ae990f5c61a92583f29d81808e545e067af1fc3c591ba8,true,63,true,45.315013,125.445040,350.150133
fixed-window,fixed-w16k-zstd-3,random-1000000-00005,random-1000000,MHC-GRCh38,MHC,3946668,4946668,1000000,100,4096,1,0,1,898544,898544,0,0,12461,0,3,3,898544,737300,4256436,1.218695,0.211102,70.946000,5461.895000,24525.720000,141412.414000,937306.335000,62,68872,12333edc92c9c9b4952b0ffc8ee9f498a7992fc912b4071429505ee6645f775b,true,62,true,44.461173,122.883520,341.611733
fixed-window,fixed-w16k-zstd-3,random-1000000-00006,random-1000000,MHC-GRCh38,MHC,2514903,3514903,1000000,100,4096,1,0,1,682839,682839,0,0,12461,0,3,3,682839,518279,2586932,1.317512,0.263957,80.985000,3451.294000,12256.670000,66729.855000,442792.584000,62,33702,29b3ca8361a94516c094f51ff663bfbbd9c9f8163e7cee977a196be6c88eb930,true,62,true,38.709040,105.627120,284.090400
fixed-window,fixed-w16k-zstd-3,random-1000000-00007,random-1000000,MHC-GRCh38,MHC,1441302,2441302,1000000,100,4096,1,0,1,539272,539272,0,0,12461,0,3,3,539272,394986,1629580,1.365294,0.330927,86.047000,2524.272000,4884.890000,25622.603000,187317.911000,63,13330,8d06c53b9e1329895b9ead9b8be190a86942bcb591389cf4d503d7ac726fba27,true,63,true,34.880587,94.141760,245.805867
fixed-window,fixed-w16k-zstd-3,random-1000000-00008,random-1000000,MHC-GRCh38,MHC,3577106,4577106,1000000,100,4096,1,0,1,938353,938353,0,0,12461,0,3,3,938353,769269,4478267,1.219798,0.209535,61.838000,5246.703000,25055.559000,152998.216000,948409.311000,62,73514,36de4f805286a2db3ebd2d6d3e16345eba5fa117165535b71920af902c7375a4,true,62,true,45.522747,126.068240,352.227467
fixed-window,fixed-w16k-zstd-3,random-1000000-00009,random-1000000,MHC-GRCh38,MHC,3789056,4789056,1000000,100,4096,1,0,1,941123,941123,0,0,12461,0,3,3,941123,772554,4502660,1.218197,0.209015,62.636000,5802.837000,26625.225000,165407.373000,1027299.173000,62,74064,fdfbfd20da08b880ef79c9e7348f561727cc044fe39eb3a6c0a0efea83d4fe64,true,62,true,45.596613,126.289840,352.966133
fixed-window,fixed-w16k-zstd-3,random-1000-00000,random-1000,MHC-GRCh38,MHC,2654244,2655244,1000,100,16384,3,0,3,31964,31964,0,16384,4269,4096,1,0,11484,902,2731,35.436807,11.704138,6.734000,57.423000,202.955000,288.239000,7040.401000,1,20,3b5206c8231075aa505404e4667a148497d97494984bf86a2d917beadde6cc4e,true,1,true,62.352373,155.557120,314.523733
fixed-window,fixed-w16k-zstd-3,random-1000-00001,random-1000,MHC-GRCh38,MHC,4897918,4898918,1000,100,16384,2,0,2,17565,17565,0,0,4269,4096,1,0,13469,1030,2915,17.053398,6.025729,24.100000,70.232000,36.704000,72.942000,1836.693000,2,5,a9913d6532a8e7e3c9b67a80e2f26d0a1c0915ceefe63b75542ba80774c7ea68,true,2,true,41.468400,103.405200,208.684000
fixed-window,fixed-w16k-zstd-3,random-1000-00002,random-1000,MHC-GRCh38,MHC,1758423,1759423,1000,100,16384,2,0,2,8182,8182,0,0,4269,173,1,0,8009,637,1847,12.844584,4.429886,17.645000,37.217000,46.324000,84.696000,1836.972000,1,10,7d641bb18f0c5bc6ae3b22d42b8ff8ba458eeabdde0008ea306fcdc0c4f9674f,true,1,true,41.218187,102.654560,206.181867
fixed-window,fixed-w16k-zstd-3,random-1000-00003,random-1000,MHC-GRCh38,MHC,3202374,3203374,1000,100,16384,2,0,2,11212,11212,0,0,4269,4096,1,0,7116,921,2656,12.173724,4.221386,13.513000,33.636000,32.127000,48.597000,1445.185000,1,5,4ae64fc9a254e620d91dba9952a267047699ec5c2c9503ce1257d25612b7a521,true,1,true,41.298987,102.896960,206.989867
fixed-window,fixed-w16k-zstd-3,random-1000-00004,random-1000,MHC-GRCh38,MHC,1529093,1530093,1000,100,16384,1,0,1,9464,9464,0,0,4269,0,1,0,9464,675,1884,14.020741,5.023355,5.458000,42.997000,81.408000,127.848000,2951.096000,1,7,b4440216a6956d3d323cc2db8178d8aa6c7b16f048bd83b3504a1ba3b6e15473,true,1,true,20.752373,51.757120,104.523733
fixed-window,fixed-w16k-zstd-3,random-1000-00005,random-1000,MHC-GRCh38,MHC,999079,1000079,1000,100,16384,1,0,1,15156,15156,0,0,4269,0,1,0,15156,813,2483,18.642066,6.103907,7.976000,71.052000,85.390000,140.583000,3397.051000,2,19,439d7c637a6781a4bbb6a562c58d0e17fcd5828cbef6aab1328677e8c84af9a5,true,2,true,20.904160,52.212480,106.041600
fixed-window,fixed-w16k-zstd-3,random-1000-00006,random-1000,MHC-GRCh38,MHC,4410732,4411732,1000,100,16384,2,0,2,11201,11201,0,0,4269,4096,1,0,7105,633,1820,17.695103,6.154396,28.995000,41.551000,39.257000,52.805000,1469.839000,1,7,42deacd8686643e817742633bc61b557535b9da78debab9d9a232bd388012911,true,1,true,41.298693,102.896080,206.986933
fixed-window,fixed-w16k-zstd-3,random-1000-00007,random-1000,MHC-GRCh38,MHC,2388877,2389877,1000,100,16384,2,0,2,11953,11953,0,0,4269,4096,1,0,7857,719,2057,16.624478,5.810890,10.748000,36.020000,43.376000,98.386000,1768.989000,1,7,2503d4f8884267667765a2ba7da7072e23a4bdb5ace0f398060257cfca6a2e8f,true,1,true,41.318747,102.956240,207.187467
fixed-window,fixed-w16k-zstd-3,random-1000-00008,random-1000,MHC-GRCh38,MHC,844767,845767,1000,100,16384,1,0,1,6945,6945,0,0,4269,0,1,1,6945,680,1955,10.213235,3.552430,11.237000,33.642000,20.567000,68.770000,946.692000,1,10,ae982ed68bfe294539d13cdad535a83e2383de77df172caf8e48111d28e0403a,true,1,true,20.685200,51.555600,103.852000
fixed-window,fixed-w16k-zstd-3,random-1000-00009,random-1000,MHC-GRCh38,MHC,3227097,3228097,1000,100,16384,1,0,1,13893,13893,0,0,4269,0,1,1,13893,654,1812,21.243119,7.667219,6.636000,67.784000,50.112000,80.702000,2191.726000,2,4,f0898187c6ee635c25afa3e98dfe696825a4088c01d6384fc40b251c3084e8ba,true,2,true,20.870480,52.111440,105.704800
fixed-window,fixed-w16k-zstd-3,random-10000-00000,random-10000,MHC-GRCh38,MHC,3078533,3088533,10000,100,16384,1,0,1,14191,14191,0,0,4269,0,1,1,14191,4376,15611,3.242916,0.909038,9.365000,68.523000,71.578000,185.205000,2923.852000,2,97,a226c1a97b9f2b1b161cc24fa7796a19e0e03a05bcb21d1679edacc078206aca,true,2,true,20.878427,52.135280,105.784267
fixed-window,fixed-w16k-zstd-3,random-10000-00001,random-10000,MHC-GRCh38,MHC,2465757,2475757,10000,100,16384,1,0,1,19438,19438,0,0,4269,0,1,1,19438,4942,17922,3.933225,1.084589,10.620000,90.583000,226.248000,447.314000,7888.311000,2,160,18c638950430e7287753e6c893997c5bcb94ec70c95f642c96be0e0cb6ee30bd,true,2,true,21.018347,52.555040,107.183467
fixed-window,fixed-w16k-zstd-3,random-10000-00002,random-10000,MHC-GRCh38,MHC,3576984,3586984,10000,100,16384,1,0,1,6711,6711,0,0,4269,0,1,1,6711,4166,13464,1.610898,0.498440,9.128000,33.660000,23.310000,113.563000,1096.713000,1,57,0fa42a148fe875d07622392b354010facde5caa5ac60e40fd0285cabffee0783,true,1,true,20.678960,51.536880,103.789600
fixed-window,fixed-w16k-zstd-3,random-10000-00003,random-10000,MHC-GRCh38,MHC,3405920,3415920,10000,100,16384,1,0,1,12965,12965,0,0,4269,0,1,1,12965,3781,12166,3.428987,1.065675,3.565000,63.661000,41.743000,108.163000,1937.278000,2,33,bc85f71629e1284bc880611cad704750338d046f8f9edc844460a11ac86c3915,true,2,true,20.845733,52.037200,105.457333
fixed-window,fixed-w16k-zstd-3,random-10000-00004,random-10000,MHC-GRCh38,MHC,292664,302664,10000,100,16384,1,0,1,18611,18611,0,0,4269,0,1,0,18611,5248,19497,3.546303,0.954557,16.300000,93.125000,155.065000,404.636000,5817.917000,2,191,d85f79126ce4c94ab629618954e55833d921cc424c2ee756fd034077a86a039f,true,2,true,20.996293,52.488880,106.962933
fixed-window,fixed-w16k-zstd-3,random-10000-00005,random-10000,MHC-GRCh38,MHC,2389603,2399603,10000,100,16384,1,0,1,16833,16833,0,0,4269,0,1,1,16833,5061,19206,3.326023,0.876445,3.395000,77.463000,115.774000,323.829000,4355.882000,2,178,5cb4810908f80d9e7f6228afabed49ec7f4659a34e6032f27da5b90edb42c04f,true,2,true,20.948880,52.346640,106.488800
fixed-window,fixed-w16k-zstd-3,random-10000-00006,random-10000,MHC-GRCh38,MHC,542027,552027,10000,100,16384,1,0,1,7388,7388,0,0,4269,0,1,1,7388,4324,14145,1.708603,0.522305,9.999000,33.913000,39.872000,115.112000,1623.363000,1,74,1f9af7cf814a76906df1eb64a9ef18682c6cb4f3802bb9fc419c24ed16c4106c,true,1,true,20.697013,51.591040,103.970133
fixed-window,fixed-w16k-zstd-3,random-10000-00007,random-10000,MHC-GRCh38,MHC,4185669,4195669,10000,100,16384,2,0,2,45599,45599,0,0,8365,4096,2,1,41503,12327,65240,3.699116,0.698942,11.506000,226.611000,1270.927000,2724.370000,41261.968000,2,1170,5a3ae2b12692701109ad8e1002703708ee9e13fd504637d7be47e89badf47e56,true,2,true,42.215973,105.647920,216.159733
fixed-window,fixed-w16k-zstd-3,random-10000-00008,random-10000,MHC-GRCh38,MHC,878649,888649,10000,100,16384,1,0,1,17402,17402,0,0,4269,0,1,1,17402,5217,18813,3.335634,0.924999,16.246000,82.870000,147.657000,349.852000,5513.040000,2,164,e9846528d2987e5b243b84e06c4e4de050dcb484f99397be7552530cae6fdb9c,true,2,true,20.964053,52.392160,106.640533
fixed-window,fixed-w16k-zstd-3,random-10000-00009,random-10000,MHC-GRCh38,MHC,2541935,2551935,10000,100,16384,1,0,1,11162,11162,0,0,4269,0,1,1,11162,6843,28391,1.631156,0.393153,8.463000,51.929000,187.789000,651.323000,6367.211000,1,378,a9067e4405488766ba93b0bf006e1c40714e8bdd4a7a5910b6b5ee549b3df051,true,1,true,20.797653,51.892960,104.976533
fixed-window,fixed-w16k-zstd-3,random-100000-00000,random-100000,MHC-GRCh38,MHC,4262931,4362931,100000,100,16384,1,0,1,73829,73829,0,0,4269,0,1,1,73829,55159,235977,1.338476,0.312865,8.956000,347.810000,1167.581000,4394.872000,39311.886000,7,2892,02e76019057620276d7b24eff41b461f7b7cee0b70d3c17a6848938cdd874afc,true,7,true,22.468773,56.906320,121.687733
fixed-window,fixed-w16k-zstd-3,random-100000-00001,random-100000,MHC-GRCh38,MHC,2031962,2131962,100000,100,16384,1,0,1,47685,47685,0,0,8365,0,2,2,47685,35600,123192,1.339466,0.387079,31.226000,226.068000,159.681000,686.698000,7618.938000,7,485,0e6481b4aea9775cb40e135320663d79d9c5b2438d708b7ce057125d307ab385,true,7,true,21.771600,54.814800,114.716000
fixed-window,fixed-w16k-zstd-3,random-100000-00002,random-100000,MHC-GRCh38,MHC,1080439,1180439,100000,100,16384,1,0,1,72044,72044,0,0,4269,0,1,1,72044,42544,164051,1.693400,0.439156,5.347000,334.856000,718.131000,2424.979000,26127.731000,8,1338,525ac5f4f8888ff142bb3cb5dcc31d90c67838570f43e4d621f1de3c2af1e282,true,8,true,22.421173,56.763520,121.211733
fixed-window,fixed-w16k-zstd-3,random-100000-00003,random-100000,MHC-GRCh38,MHC,864953,964953,100000,100,16384,1,0,1,53854,53854,0,0,4269,0,1,1,53854,40250,139644,1.337988,0.385652,10.013000,249.243000,289.146000,1204.703000,11890.985000,7,820,f63c1c1ae119744ed369189b5c6d9bbeb3082e77ccdbc4f143462ca249170e2f,true,7,true,21.936107,55.308320,116.361067
fixed-window,fixed-w16k-zstd-3,random-100000-00004,random-100000,MHC-GRCh38,MHC,4129708,4229708,100000,100,16384,1,0,1,163627,163627,0,0,8365,0,2,2,163627,130563,850777,1.253242,0.192327,17.618000,981.076000,6239.046000,30346.825000,219050.249000,7,15919,ff1824f95c5c4d1ae98f7aa7ec3196eabbd29357737c6b5c119d6ab861e72dab,true,7,true,24.863387,64.090160,145.633867
fixed-window,fixed-w16k-zstd-3,random-100000-00005,random-100000,MHC-GRCh38,MHC,4502173,4602173,100000,100,16384,1,0,1,75832,75832,0,0,4269,0,1,1,75832,56812,273849,1.334788,0.276912,54.949000,432.530000,1421.428000,5812.089000,48492.288000,7,3665,d32e2d3f27a3f57b88d1619f5a65e70a83bd4bd81d5ba1797bf8b6197787fdeb,true,7,true,22.522187,57.066560,122.221867
fixed-window,fixed-w16k-zstd-3,random-100000-00006,random-100000,MHC-GRCh38,MHC,434533,534533,100000,100,16384,1,0,1,52810,52810,0,0,8365,0,2,2,52810,39792,140577,1.327151,0.375666,56.922000,267.182000,330.349000,1229.104000,12673.710000,7,846,1940257266694447e0267493a27ede3bafc72f732f4e903d2eec81c58cb35a9e,true,7,true,21.908267,55.224800,116.082667
fixed-window,fixed-w16k-zstd-3,random-100000-00007,random-100000,MHC-GRCh38,MHC,1813450,1913450,100000,100,16384,1,0,1,59476,59476,0,0,4269,0,1,1,59476,43906,167100,1.354621,0.355931,8.724000,279.823000,479.434000,2245.160000,18936.974000,7,1420,dc5ca152d81ae54cebcf48331832fba0010aae4da320c92291ed83d61307e910,true,7,true,22.086027,55.758080,117.860267
fixed-window,fixed-w16k-zstd-3,random-100000-00008,random-100000,MHC-GRCh38,MHC,898253,998253,100000,100,16384,1,0,1,50265,50265,0,0,4269,0,1,1,50265,36620,121650,1.372611,0.413194,18.650000,233.454000,200.705000,856.559000,8789.727000,7,444,e86e4ccb0efeabb04b13ac613d199293c88eeca5eb176c8ab4ab008fa60c968c,true,7,true,21.840400,55.021200,115.404000
fixed-window,fixed-w16k-zstd-3,random-100000-00009,random-100000,MHC-GRCh38,MHC,4231710,4331710,100000,100,16384,1,0,1,77155,77155,0,0,4269,0,1,1,77155,58608,258713,1.316459,0.298226,17.125000,416.567000,1441.928000,5493.869000,49390.094000,7,3379,77a5e24417bd9b7d78fce6f25ac32d3f1821452524303f06351b36e28d1d2c5d,true,7,true,22.557467,57.172400,122.574667
fixed-window,fixed-w16k-zstd-3,random-1000000-00000,random-1000000,MHC-GRCh38,MHC,994225,1994225,1000000,100,16384,1,0,1,618152,618152,0,0,12461,0,3,3,618152,469996,2175213,1.315228,0.284180,28.280000,3051.123000,8250.468000,49946.103000,323970.918000,62,24980,900de15a30244e0f9f1d367beea18034b027a94dffc705d9c7d2acb3f358f25b,true,62,true,36.984053,100.452160,266.840533
fixed-window,fixed-w16k-zstd-3,random-1000000-00001,random-1000000,MHC-GRCh38,MHC,3053916,4053916,1000000,100,16384,1,0,1,665426,665426,0,0,12461,0,3,3,665426,508168,2592988,1.309461,0.256625,55.600000,3450.354000,11778.554000,67918.307000,454229.458000,62,33451,f09a8d6454d792ad27876f385c33f0e35ec527f81b6d7e755ced42d19fea6c75,true,62,true,38.244693,104.234080,279.446933
fixed-window,fixed-w16k-zstd-3,random-1000000-00002,random-1000000,MHC-GRCh38,MHC,3662178,4662178,1000000,100,16384,1,0,1,958875,958875,0,0,12461,0,3,3,958875,784549,4589109,1.222199,0.208946,50.361000,5251.296000,25736.507000,159351.034000,968357.912000,62,75875,02c21edd0c02778fcbdec11b80dbfba675f3d1acaf6b5468d66ab1e352096d29,true,62,true,46.070000,127.710000,357.700000
fixed-window,fixed-w16k-zstd-3,random-1000000-00003,random-1000000,MHC-GRCh38,MHC,1664410,2664410,1000000,100,16384,1,0,1,530200,530200,0,0,12461,0,3,3,530200,403677,1701027,1.313426,0.311694,87.173000,2626.131000,4845.116000,29389.323000,195842.735000,62,14806,43e098622c8593968fdd2163f752998d5d12723486bd15ed66a4d5333027fb11,true,62,true,34.638667,93.416000,243.386667
fixed-window,fixed-w16k-zstd-3,random-1000000-00004,random-1000000,MHC-GRCh38,MHC,3882446,4882446,1000000,100,16384,1,0,1,930563,930563,0,0,12461,0,3,3,930563,756186,4392921,1.230601,0.211832,60.464000,5138.279000,24854.557000,149925.220000,952023.560000,63,71788,9e64218826bdea11f7ae990f5c61a92583f29d81808e545e067af1fc3c591ba8,true,63,true,45.315013,125.445040,350.150133
fixed-window,fixed-w16k-zstd-3,random-1000000-00005,random-1000000,MHC-GRCh38,MHC,3946668,4946668,1000000,100,16384,1,0,1,898544,898544,0,0,12461,0,3,3,898544,737300,4256436,1.218695,0.211102,85.943000,5441.900000,25792.500000,144609.266000,982752.320000,62,68872,12333edc92c9c9b4952b0ffc8ee9f498a7992fc912b4071429505ee6645f775b,true,62,true,44.461173,122.883520,341.611733
fixed-window,fixed-w16k-zstd-3,random-1000000-00006,random-1000000,MHC-GRCh38,MHC,2514903,3514903,1000000,100,16384,1,0,1,682839,682839,0,0,12461,0,3,3,682839,518279,2586932,1.317512,0.263957,112.589000,4209.524000,12841.616000,67955.878000,469680.509000,62,33702,29b3ca8361a94516c094f51ff663bfbbd9c9f8163e7cee977a196be6c88eb930,true,62,true,38.709040,105.627120,284.090400
fixed-window,fixed-w16k-zstd-3,random-1000000-00007,random-1000000,MHC-GRCh38,MHC,1441302,2441302,1000000,100,16384,1,0,1,539272,539272,0,0,12461,0,3,3,539272,394986,1629580,1.365294,0.330927,76.031000,2513.661000,4841.592000,25487.323000,183644.649000,63,13330,8d06c53b9e1329895b9ead9b8be190a86942bcb591389cf4d503d7ac726fba27,true,63,true,34.880587,94.141760,245.805867
fixed-window,fixed-w16k-zstd-3,random-1000000-00008,random-1000000,MHC-GRCh38,MHC,3577106,4577106,1000000,100,16384,1,0,1,938353,938353,0,0,12461,0,3,3,938353,769269,4478267,1.219798,0.209535,72.217000,5684.917000,27601.460000,151933.570000,974858.419000,62,73514,36de4f805286a2db3ebd2d6d3e16345eba5fa117165535b71920af902c7375a4,true,62,true,45.522747,126.068240,352.227467
fixed-window,fixed-w16k-zstd-3,random-1000000-00009,random-1000000,MHC-GRCh38,MHC,3789056,4789056,1000000,100,16384,1,0,1,941123,941123,0,0,12461,0,3,3,941123,772554,4502660,1.218197,0.209015,69.468000,5193.449000,25506.737000,153099.112000,967066.358000,62,74064,fdfbfd20da08b880ef79c9e7348f561727cc044fe39eb3a6c0a0efea83d4fe64,true,62,true,45.596613,126.289840,352.966133
fixed-window,fixed-w16k-zstd-3,random-1000-00000,random-1000,MHC-GRCh38,MHC,2654244,2655244,1000,100,65536,3,0,3,31964,31964,0,16384,4269,4096,1,0,11484,902,2731,35.436807,11.704138,6.070000,58.263000,200.676000,304.765000,6114.786000,1,20,3b5206c8231075aa505404e4667a148497d97494984bf86a2d917beadde6cc4e,true,1,true,62.352373,155.557120,314.523733
fixed-window,fixed-w16k-zstd-3,random-1000-00001,random-1000,MHC-GRCh38,MHC,4897918,4898918,1000,100,65536,2,0,2,17565,17565,0,0,4269,4096,1,0,13469,1030,2915,17.053398,6.025729,18.274000,66.510000,35.209000,66.844000,1661.166000,2,5,a9913d6532a8e7e3c9b67a80e2f26d0a1c0915ceefe63b75542ba80774c7ea68,true,2,true,41.468400,103.405200,208.684000
fixed-window,fixed-w16k-zstd-3,random-1000-00002,random-1000,MHC-GRCh38,MHC,1758423,1759423,1000,100,65536,2,0,2,8182,8182,0,0,4269,173,1,0,8009,637,1847,12.844584,4.429886,10.300000,36.511000,45.454000,80.688000,1836.811000,1,10,7d641bb18f0c5bc6ae3b22d42b8ff8ba458eeabdde0008ea306fcdc0c4f9674f,true,1,true,41.218187,102.654560,206.181867
fixed-window,fixed-w16k-zstd-3,random-1000-00003,random-1000,MHC-GRCh38,MHC,3202374,3203374,1000,100,65536,2,0,2,11212,11212,0,0,4269,4096,1,0,7116,921,2656,12.173724,4.221386,9.300000,33.112000,31.039000,47.978000,1297.373000,1,5,4ae64fc9a254e620d91dba9952a267047699ec5c2c9503ce1257d25612b7a521,true,1,true,41.298987,102.896960,206.989867
fixed-window,fixed-w16k-zstd-3,random-1000-00004,random-1000,MHC-GRCh38,MHC,1529093,1530093,1000,100,65536,1,0,1,9464,9464,0,0,4269,0,1,0,9464,675,1884,14.020741,5.023355,7.732000,42.394000,78.890000,134.595000,3075.489000,1,7,b4440216a6956d3d323cc2db8178d8aa6c7b16f048bd83b3504a1ba3b6e15473,true,1,true,20.752373,51.757120,104.523733
fixed-window,fixed-w16k-zstd-3,random-1000-00005,random-1000,MHC-GRCh38,MHC,999079,1000079,1000,100,65536,1,0,1,15156,15156,0,0,4269,0,1,0,15156,813,2483,18.642066,6.103907,10.946000,76.839000,85.727000,138.786000,3407.184000,2,19,439d7c637a6781a4bbb6a562c58d0e17fcd5828cbef6aab1328677e8c84af9a5,true,2,true,20.904160,52.212480,106.041600
fixed-window,fixed-w16k-zstd-3,random-1000-00006,random-1000,MHC-GRCh38,MHC,4410732,4411732,1000,100,65536,2,0,2,11201,11201,0,0,4269,4096,1,0,7105,633,1820,17.695103,6.154396,21.020000,34.958000,34.413000,60.401000,1505.479000,1,7,42deacd8686643e817742633bc61b557535b9da78debab9d9a232bd388012911,true,1,true,41.298693,102.896080,206.986933
fixed-window,fixed-w16k-zstd-3,random-1000-00007,random-1000,MHC-GRCh38,MHC,2388877,2389877,1000,100,65536,2,0,2,11953,11953,0,0,4269,4096,1,0,7857,719,2057,16.624478,5.810890,14.537000,38.622000,40.615000,61.034000,1579.912000,1,7,2503d4f8884267667765a2ba7da7072e23a4bdb5ace0f398060257cfca6a2e8f,true,1,true,41.318747,102.956240,207.187467
fixed-window,fixed-w16k-zstd-3,random-1000-00008,random-1000,MHC-GRCh38,MHC,844767,845767,1000,100,65536,1,0,1,6945,6945,0,0,4269,0,1,1,6945,680,1955,10.213235,3.552430,6.131000,31.975000,19.682000,38.174000,953.954000,1,10,ae982ed68bfe294539d13cdad535a83e2383de77df172caf8e48111d28e0403a,true,1,true,20.685200,51.555600,103.852000
fixed-window,fixed-w16k-zstd-3,random-1000-00009,random-1000,MHC-GRCh38,MHC,3227097,3228097,1000,100,65536,1,0,1,13893,13893,0,0,4269,0,1,1,13893,654,1812,21.243119,7.667219,4.539000,65.959000,49.824000,82.529000,2283.688000,2,4,f0898187c6ee635c25afa3e98dfe696825a4088c01d6384fc40b251c3084e8ba,true,2,true,20.870480,52.111440,105.704800
fixed-window,fixed-w16k-zstd-3,random-10000-00000,random-10000,MHC-GRCh38,MHC,3078533,3088533,10000,100,65536,1,0,1,14191,14191,0,0,4269,0,1,1,14191,4376,15611,3.242916,0.909038,4.645000,68.590000,70.566000,188.996000,2958.764000,2,97,a226c1a97b9f2b1b161cc24fa7796a19e0e03a05bcb21d1679edacc078206aca,true,2,true,20.878427,52.135280,105.784267
fixed-window,fixed-w16k-zstd-3,random-10000-00001,random-10000,MHC-GRCh38,MHC,2465757,2475757,10000,100,65536,1,0,1,19438,19438,0,0,4269,0,1,1,19438,4942,17922,3.933225,1.084589,12.466000,95.421000,230.229000,470.796000,8230.129000,2,160,18c638950430e7287753e6c893997c5bcb94ec70c95f642c96be0e0cb6ee30bd,true,2,true,21.018347,52.555040,107.183467
fixed-window,fixed-w16k-zstd-3,random-10000-00002,random-10000,MHC-GRCh38,MHC,3576984,3586984,10000,100,65536,1,0,1,6711,6711,0,0,4269,0,1,1,6711,4166,13464,1.610898,0.498440,19.471000,33.938000,22.217000,89.690000,1102.741000,1,57,0fa42a148fe875d07622392b354010facde5caa5ac60e40fd0285cabffee0783,true,1,true,20.678960,51.536880,103.789600
fixed-window,fixed-w16k-zstd-3,random-10000-00003,random-10000,MHC-GRCh38,MHC,3405920,3415920,10000,100,65536,1,0,1,12965,12965,0,0,4269,0,1,1,12965,3781,12166,3.428987,1.065675,3.746000,64.310000,41.657000,107.147000,1932.855000,2,33,bc85f71629e1284bc880611cad704750338d046f8f9edc844460a11ac86c3915,true,2,true,20.845733,52.037200,105.457333
fixed-window,fixed-w16k-zstd-3,random-10000-00004,random-10000,MHC-GRCh38,MHC,292664,302664,10000,100,65536,1,0,1,18611,18611,0,0,4269,0,1,0,18611,5248,19497,3.546303,0.954557,6.696000,89.012000,155.118000,404.897000,5831.606000,2,191,d85f79126ce4c94ab629618954e55833d921cc424c2ee756fd034077a86a039f,true,2,true,20.996293,52.488880,106.962933
fixed-window,fixed-w16k-zstd-3,random-10000-00005,random-10000,MHC-GRCh38,MHC,2389603,2399603,10000,100,65536,1,0,1,16833,16833,0,0,4269,0,1,1,16833,5061,19206,3.326023,0.876445,12.074000,76.473000,115.293000,325.284000,4388.550000,2,178,5cb4810908f80d9e7f6228afabed49ec7f4659a34e6032f27da5b90edb42c04f,true,2,true,20.948880,52.346640,106.488800
fixed-window,fixed-w16k-zstd-3,random-10000-00006,random-10000,MHC-GRCh38,MHC,542027,552027,10000,100,65536,1,0,1,7388,7388,0,0,4269,0,1,1,7388,4324,14145,1.708603,0.522305,11.913000,35.081000,45.287000,137.022000,1747.099000,1,74,1f9af7cf814a76906df1eb64a9ef18682c6cb4f3802bb9fc419c24ed16c4106c,true,1,true,20.697013,51.591040,103.970133
fixed-window,fixed-w16k-zstd-3,random-10000-00007,random-10000,MHC-GRCh38,MHC,4185669,4195669,10000,100,65536,2,0,2,45599,45599,0,0,8365,4096,2,1,41503,12327,65240,3.699116,0.698942,18.057000,296.237000,1547.489000,2777.762000,47035.423000,2,1170,5a3ae2b12692701109ad8e1002703708ee9e13fd504637d7be47e89badf47e56,true,2,true,42.215973,105.647920,216.159733
fixed-window,fixed-w16k-zstd-3,random-10000-00008,random-10000,MHC-GRCh38,MHC,878649,888649,10000,100,65536,1,0,1,17402,17402,0,0,4269,0,1,1,17402,5217,18813,3.335634,0.924999,14.291000,84.275000,152.677000,382.653000,5659.253000,2,164,e9846528d2987e5b243b84e06c4e4de050dcb484f99397be7552530cae6fdb9c,true,2,true,20.964053,52.392160,106.640533
fixed-window,fixed-w16k-zstd-3,random-10000-00009,random-10000,MHC-GRCh38,MHC,2541935,2551935,10000,100,65536,1,0,1,11162,11162,0,0,4269,0,1,1,11162,6843,28391,1.631156,0.393153,8.285000,53.775000,189.164000,591.357000,6293.792000,1,378,a9067e4405488766ba93b0bf006e1c40714e8bdd4a7a5910b6b5ee549b3df051,true,1,true,20.797653,51.892960,104.976533
fixed-window,fixed-w16k-zstd-3,random-100000-00000,random-100000,MHC-GRCh38,MHC,4262931,4362931,100000,100,65536,1,0,1,73829,73829,0,0,4269,0,1,1,73829,55159,235977,1.338476,0.312865,7.989000,351.891000,1115.523000,4416.899000,39300.411000,7,2892,02e76019057620276d7b24eff41b461f7b7cee0b70d3c17a6848938cdd874afc,true,7,true,22.468773,56.906320,121.687733
fixed-window,fixed-w16k-zstd-3,random-100000-00001,random-100000,MHC-GRCh38,MHC,2031962,2131962,100000,100,65536,1,0,1,47685,47685,0,0,8365,0,2,2,47685,35600,123192,1.339466,0.387079,36.642000,250.215000,173.836000,689.740000,7893.515000,7,485,0e6481b4aea9775cb40e135320663d79d9c5b2438d708b7ce057125d307ab385,true,7,true,21.771600,54.814800,114.716000
fixed-window,fixed-w16k-zstd-3,random-100000-00002,random-100000,MHC-GRCh38,MHC,1080439,1180439,100000,100,65536,1,0,1,72044,72044,0,0,4269,0,1,1,72044,42544,164051,1.693400,0.439156,13.027000,330.993000,727.519000,2309.974000,25810.266000,8,1338,525ac5f4f8888ff142bb3cb5dcc31d90c67838570f43e4d621f1de3c2af1e282,true,8,true,22.421173,56.763520,121.211733
fixed-window,fixed-w16k-zstd-3,random-100000-00003,random-100000,MHC-GRCh38,MHC,864953,964953,100000,100,65536,1,0,1,53854,53854,0,0,4269,0,1,1,53854,40250,139644,1.337988,0.385652,23.628000,262.052000,306.119000,1294.727000,12167.374000,7,820,f63c1c1ae119744ed369189b5c6d9bbeb3082e77ccdbc4f143462ca249170e2f,true,7,true,21.936107,55.308320,116.361067
fixed-window,fixed-w16k-zstd-3,random-100000-00004,random-100000,MHC-GRCh38,MHC,4129708,4229708,100000,100,65536,1,0,1,163627,163627,0,0,8365,0,2,2,163627,130563,850777,1.253242,0.192327,27.389000,977.172000,6236.818000,32459.946000,224418.469000,7,15919,ff1824f95c5c4d1ae98f7aa7ec3196eabbd29357737c6b5c119d6ab861e72dab,true,7,true,24.863387,64.090160,145.633867
fixed-window,fixed-w16k-zstd-3,random-100000-00005,random-100000,MHC-GRCh38,MHC,4502173,4602173,100000,100,65536,1,0,1,75832,75832,0,0,4269,0,1,1,75832,56812,273849,1.334788,0.276912,47.662000,391.248000,1341.607000,6310.127000,49392.398000,7,3665,d32e2d3f27a3f57b88d1619f5a65e70a83bd4bd81d5ba1797bf8b6197787fdeb,true,7,true,22.522187,57.066560,122.221867
fixed-window,fixed-w16k-zstd-3,random-100000-00006,random-100000,MHC-GRCh38,MHC,434533,534533,100000,100,65536,1,0,1,52810,52810,0,0,8365,0,2,2,52810,39792,140577,1.327151,0.375666,40.371000,243.345000,286.938000,1227.397000,11539.410000,7,846,1940257266694447e0267493a27ede3bafc72f732f4e903d2eec81c58cb35a9e,true,7,true,21.908267,55.224800,116.082667
fixed-window,fixed-w16k-zstd-3,random-100000-00007,random-100000,MHC-GRCh38,MHC,1813450,1913450,100000,100,65536,1,0,1,59476,59476,0,0,4269,0,1,1,59476,43906,167100,1.354621,0.355931,26.560000,287.757000,483.839000,2144.752000,19620.201000,7,1420,dc5ca152d81ae54cebcf48331832fba0010aae4da320c92291ed83d61307e910,true,7,true,22.086027,55.758080,117.860267
fixed-window,fixed-w16k-zstd-3,random-100000-00008,random-100000,MHC-GRCh38,MHC,898253,998253,100000,100,65536,1,0,1,50265,50265,0,0,4269,0,1,1,50265,36620,121650,1.372611,0.413194,27.684000,236.338000,204.900000,716.512000,8788.530000,7,444,e86e4ccb0efeabb04b13ac613d199293c88eeca5eb176c8ab4ab008fa60c968c,true,7,true,21.840400,55.021200,115.404000
fixed-window,fixed-w16k-zstd-3,random-100000-00009,random-100000,MHC-GRCh38,MHC,4231710,4331710,100000,100,65536,1,0,1,77155,77155,0,0,4269,0,1,1,77155,58608,258713,1.316459,0.298226,18.046000,374.745000,1316.805000,5411.320000,47041.514000,7,3379,77a5e24417bd9b7d78fce6f25ac32d3f1821452524303f06351b36e28d1d2c5d,true,7,true,22.557467,57.172400,122.574667
fixed-window,fixed-w16k-zstd-3,random-1000000-00000,random-1000000,MHC-GRCh38,MHC,994225,1994225,1000000,100,65536,1,0,1,618152,618152,0,0,12461,0,3,3,618152,469996,2175213,1.315228,0.284180,33.063000,3029.109000,8037.111000,55105.436000,326284.741000,62,24980,900de15a30244e0f9f1d367beea18034b027a94dffc705d9c7d2acb3f358f25b,true,62,true,36.984053,100.452160,266.840533
fixed-window,fixed-w16k-zstd-3,random-1000000-00001,random-1000000,MHC-GRCh38,MHC,3053916,4053916,1000000,100,65536,1,0,1,665426,665426,0,0,12461,0,3,3,665426,508168,2592988,1.309461,0.256625,127.690000,3832.695000,11931.753000,68757.222000,467092.709000,62,33451,f09a8d6454d792ad27876f385c33f0e35ec527f81b6d7e755ced42d19fea6c75,true,62,true,38.244693,104.234080,279.446933
fixed-window,fixed-w16k-zstd-3,random-1000000-00002,random-1000000,MHC-GRCh38,MHC,3662178,4662178,1000000,100,65536,1,0,1,958875,958875,0,0,12461,0,3,3,958875,784549,4589109,1.222199,0.208946,55.616000,5370.638000,26078.508000,158277.142000,971436.589000,62,75875,02c21edd0c02778fcbdec11b80dbfba675f3d1acaf6b5468d66ab1e352096d29,true,62,true,46.070000,127.710000,357.700000
fixed-window,fixed-w16k-zstd-3,random-1000000-00003,random-1000000,MHC-GRCh38,MHC,1664410,2664410,1000000,100,65536,1,0,1,530200,530200,0,0,12461,0,3,3,530200,403677,1701027,1.313426,0.311694,82.902000,2639.897000,4880.928000,28858.994000,192872.705000,62,14806,43e098622c8593968fdd2163f752998d5d12723486bd15ed66a4d5333027fb11,true,62,true,34.638667,93.416000,243.386667
fixed-window,fixed-w16k-zstd-3,random-1000000-00004,random-1000000,MHC-GRCh38,MHC,3882446,4882446,1000000,100,65536,1,0,1,930563,930563,0,0,12461,0,3,3,930563,756186,4392921,1.230601,0.211832,58.946000,5364.119000,25581.303000,148726.953000,961344.637000,63,71788,9e64218826bdea11f7ae990f5c61a92583f29d81808e545e067af1fc3c591ba8,true,63,true,45.315013,125.445040,350.150133
fixed-window,fixed-w16k-zstd-3,random-1000000-00005,random-1000000,MHC-GRCh38,MHC,3946668,4946668,1000000,100,65536,1,0,1,898544,898544,0,0,12461,0,3,3,898544,737300,4256436,1.218695,0.211102,77.467000,4955.597000,23576.942000,140102.482000,888221.659000,62,68872,12333edc92c9c9b4952b0ffc8ee9f498a7992fc912b4071429505ee6645f775b,true,62,true,44.461173,122.883520,341.611733
fixed-window,fixed-w16k-zstd-3,random-1000000-00006,random-1000000,MHC-GRCh38,MHC,2514903,3514903,1000000,100,65536,1,0,1,682839,682839,0,0,12461,0,3,3,682839,518279,2586932,1.317512,0.263957,110.353000,3442.462000,12154.271000,65835.708000,431994.585000,62,33702,29b3ca8361a94516c094f51ff663bfbbd9c9f8163e7cee977a196be6c88eb930,true,62,true,38.709040,105.627120,284.090400
fixed-window,fixed-w16k-zstd-3,random-1000000-00007,random-1000000,MHC-GRCh38,MHC,1441302,2441302,1000000,100,65536,1,0,1,539272,539272,0,0,12461,0,3,3,539272,394986,1629580,1.365294,0.330927,72.919000,2563.938000,4832.866000,26282.041000,187580.595000,63,13330,8d06c53b9e1329895b9ead9b8be190a86942bcb591389cf4d503d7ac726fba27,true,63,true,34.880587,94.141760,245.805867
fixed-window,fixed-w16k-zstd-3,random-1000000-00008,random-1000000,MHC-GRCh38,MHC,3577106,4577106,1000000,100,65536,1,0,1,938353,938353,0,0,12461,0,3,3,938353,769269,4478267,1.219798,0.209535,66.933000,5097.100000,24781.887000,150356.194000,922955.611000,62,73514,36de4f805286a2db3ebd2d6d3e16345eba5fa117165535b71920af902c7375a4,true,62,true,45.522747,126.068240,352.227467
fixed-window,fixed-w16k-zstd-3,random-1000000-00009,random-1000000,MHC-GRCh38,MHC,3789056,4789056,1000000,100,65536,1,0,1,941123,941123,0,0,12461,0,3,3,941123,772554,4502660,1.218197,0.209015,64.826000,5114.748000,24991.992000,153125.152000,930785.211000,62,74064,fdfbfd20da08b880ef79c9e7348f561727cc044fe39eb3a6c0a0efea83d4fe64,true,62,true,45.596613,126.289840,352.966133
fixed-window,fixed-w16k-zstd-3,random-1000-00000,random-1000,MHC-GRCh38,MHC,2654244,2655244,1000,100,262144,3,0,3,31964,31964,0,16384,4269,4096,1,0,11484,902,2731,35.436807,11.704138,6.900000,57.930000,206.140000,261.337000,5983.990000,1,20,3b5206c8231075aa505404e4667a148497d97494984bf86a2d917beadde6cc4e,true,1,true,62.352373,155.557120,314.523733
fixed-window,fixed-w16k-zstd-3,random-1000-00001,random-1000,MHC-GRCh38,MHC,4897918,4898918,1000,100,262144,2,0,2,17565,17565,0,0,4269,4096,1,0,13469,1030,2915,17.053398,6.025729,19.288000,64.239000,34.800000,67.177000,1665.389000,2,5,a9913d6532a8e7e3c9b67a80e2f26d0a1c0915ceefe63b75542ba80774c7ea68,true,2,true,41.468400,103.405200,208.684000
fixed-window,fixed-w16k-zstd-3,random-1000-00002,random-1000,MHC-GRCh38,MHC,1758423,1759423,1000,100,262144,2,0,2,8182,8182,0,0,4269,173,1,0,8009,637,1847,12.844584,4.429886,10.834000,37.195000,46.775000,75.552000,1757.261000,1,10,7d641bb18f0c5bc6ae3b22d42b8ff8ba458eeabdde0008ea306fcdc0c4f9674f,true,1,true,41.218187,102.654560,206.181867
fixed-window,fixed-w16k-zstd-3,random-1000-00003,random-1000,MHC-GRCh38,MHC,3202374,3203374,1000,100,262144,2,0,2,11212,11212,0,0,4269,4096,1,0,7116,921,2656,12.173724,4.221386,8.948000,32.751000,31.208000,47.044000,1300.393000,1,5,4ae64fc9a254e620d91dba9952a267047699ec5c2c9503ce1257d25612b7a521,true,1,true,41.298987,102.896960,206.989867
fixed-window,fixed-w16k-zstd-3,random-1000-00004,random-1000,MHC-GRCh38,MHC,1529093,1530093,1000,100,262144,1,0,1,9464,9464,0,0,4269,0,1,0,9464,675,1884,14.020741,5.023355,6.153000,42.347000,77.999000,122.439000,2802.642000,1,7,b4440216a6956d3d323cc2db8178d8aa6c7b16f048bd83b3504a1ba3b6e15473,true,1,true,20.752373,51.757120,104.523733
fixed-window,fixed-w16k-zstd-3,random-1000-00005,random-1000,MHC-GRCh38,MHC,999079,1000079,1000,100,262144,1,0,1,15156,15156,0,0,4269,0,1,0,15156,813,2483,18.642066,6.103907,6.867000,67.271000,83.084000,135.123000,3260.728000,2,19,439d7c637a6781a4bbb6a562c58d0e17fcd5828cbef6aab1328677e8c84af9a5,true,2,true,20.904160,52.212480,106.041600
fixed-window,fixed-w16k-zstd-3,random-1000-00006,random-1000,MHC-GRCh38,MHC,4410732,4411732,1000,100,262144,2,0,2,11201,11201,0,0,4269,4096,1,0,7105,633,1820,17.695103,6.154396,11.967000,32.995000,34.094000,51.778000,1404.706000,1,7,42deacd8686643e817742633bc61b557535b9da78debab9d9a232bd388012911,true,1,true,41.298693,102.896080,206.986933
fixed-window,fixed-w16k-zstd-3,random-1000-00007,random-1000,MHC-GRCh38,MHC,2388877,2389877,1000,100,262144,2,0,2,11953,11953,0,0,4269,4096,1,0,7857,719,2057,16.624478,5.810890,8.634000,34.631000,38.593000,60.133000,1538.363000,1,7,2503d4f8884267667765a2ba7da7072e23a4bdb5ace0f398060257cfca6a2e8f,true,1,true,41.318747,102.956240,207.187467
fixed-window,fixed-w16k-zstd-3,random-1000-00008,random-1000,MHC-GRCh38,MHC,844767,845767,1000,100,262144,1,0,1,6945,6945,0,0,4269,0,1,1,6945,680,1955,10.213235,3.552430,5.475000,31.333000,18.055000,37.567000,894.025000,1,10,ae982ed68bfe294539d13cdad535a83e2383de77df172caf8e48111d28e0403a,true,1,true,20.685200,51.555600,103.852000
fixed-window,fixed-w16k-zstd-3,random-1000-00009,random-1000,MHC-GRCh38,MHC,3227097,3228097,1000,100,262144,1,0,1,13893,13893,0,0,4269,0,1,1,13893,654,1812,21.243119,7.667219,5.574000,64.561000,48.101000,79.706000,2156.302000,2,4,f0898187c6ee635c25afa3e98dfe696825a4088c01d6384fc40b251c3084e8ba,true,2,true,20.870480,52.111440,105.704800
fixed-window,fixed-w16k-zstd-3,random-10000-00000,random-10000,MHC-GRCh38,MHC,3078533,3088533,10000,100,262144,1,0,1,14191,14191,0,0,4269,0,1,1,14191,4376,15611,3.242916,0.909038,6.573000,72.039000,69.215000,183.461000,2878.096000,2,97,a226c1a97b9f2b1b161cc24fa7796a19e0e03a05bcb21d1679edacc078206aca,true,2,true,20.878427,52.135280,105.784267
fixed-window,fixed-w16k-zstd-3,random-10000-00001,random-10000,MHC-GRCh38,MHC,2465757,2475757,10000,100,262144,1,0,1,19438,19438,0,0,4269,0,1,1,19438,4942,17922,3.933225,1.084589,6.273000,93.920000,230.168000,465.385000,7790.901000,2,160,18c638950430e7287753e6c893997c5bcb94ec70c95f642c96be0e0cb6ee30bd,true,2,true,21.018347,52.555040,107.183467
fixed-window,fixed-w16k-zstd-3,random-10000-00002,random-10000,MHC-GRCh38,MHC,3576984,3586984,10000,100,262144,1,0,1,6711,6711,0,0,4269,0,1,1,6711,4166,13464,1.610898,0.498440,19.331000,32.599000,22.187000,112.640000,1089.576000,1,57,0fa42a148fe875d07622392b354010facde5caa5ac60e40fd0285cabffee0783,true,1,true,20.678960,51.536880,103.789600
fixed-window,fixed-w16k-zstd-3,random-10000-00003,random-10000,MHC-GRCh38,MHC,3405920,3415920,10000,100,262144,1,0,1,12965,12965,0,0,4269,0,1,1,12965,3781,12166,3.428987,1.065675,4.605000,62.530000,41.536000,109.475000,1927.797000,2,33,bc85f71629e1284bc880611cad704750338d046f8f9edc844460a11ac86c3915,true,2,true,20.845733,52.037200,105.457333
fixed-window,fixed-w16k-zstd-3,random-10000-00004,random-10000,MHC-GRCh38,MHC,292664,302664,10000,100,262144,1,0,1,18611,18611,0,0,4269,0,1,0,18611,5248,19497,3.546303,0.954557,10.576000,93.756000,158.175000,396.061000,5575.015000,2,191,d85f79126ce4c94ab629618954e55833d921cc424c2ee756fd034077a86a039f,true,2,true,20.996293,52.488880,106.962933
fixed-window,fixed-w16k-zstd-3,random-10000-00005,random-10000,MHC-GRCh38,MHC,2389603,2399603,10000,100,262144,1,0,1,16833,16833,0,0,4269,0,1,1,16833,5061,19206,3.326023,0.876445,10.444000,75.393000,115.874000,322.022000,4329.065000,2,178,5cb4810908f80d9e7f6228afabed49ec7f4659a34e6032f27da5b90edb42c04f,true,2,true,20.948880,52.346640,106.488800
fixed-window,fixed-w16k-zstd-3,random-10000-00006,random-10000,MHC-GRCh38,MHC,542027,552027,10000,100,262144,1,0,1,7388,7388,0,0,4269,0,1,1,7388,4324,14145,1.708603,0.522305,12.629000,33.745000,39.934000,117.971000,1698.260000,1,74,1f9af7cf814a76906df1eb64a9ef18682c6cb4f3802bb9fc419c24ed16c4106c,true,1,true,20.697013,51.591040,103.970133
fixed-window,fixed-w16k-zstd-3,random-10000-00007,random-10000,MHC-GRCh38,MHC,4185669,4195669,10000,100,262144,2,0,2,45599,45599,0,0,8365,4096,2,1,41503,12327,65240,3.699116,0.698942,13.016000,226.310000,1276.336000,2713.509000,39970.061000,2,1170,5a3ae2b12692701109ad8e1002703708ee9e13fd504637d7be47e89badf47e56,true,2,true,42.215973,105.647920,216.159733
fixed-window,fixed-w16k-zstd-3,random-10000-00008,random-10000,MHC-GRCh38,MHC,878649,888649,10000,100,262144,1,0,1,17402,17402,0,0,4269,0,1,1,17402,5217,18813,3.335634,0.924999,25.387000,82.814000,151.657000,353.683000,5619.318000,2,164,e9846528d2987e5b243b84e06c4e4de050dcb484f99397be7552530cae6fdb9c,true,2,true,20.964053,52.392160,106.640533
fixed-window,fixed-w16k-zstd-3,random-10000-00009,random-10000,MHC-GRCh38,MHC,2541935,2551935,10000,100,262144,1,0,1,11162,11162,0,0,4269,0,1,1,11162,6843,28391,1.631156,0.393153,12.857000,56.724000,184.443000,592.523000,6218.410000,1,378,a9067e4405488766ba93b0bf006e1c40714e8bdd4a7a5910b6b5ee549b3df051,true,1,true,20.797653,51.892960,104.976533
fixed-window,fixed-w16k-zstd-3,random-100000-00000,random-100000,MHC-GRCh38,MHC,4262931,4362931,100000,100,262144,1,0,1,73829,73829,0,0,4269,0,1,1,73829,55159,235977,1.338476,0.312865,21.554000,359.298000,1136.134000,4358.549000,40528.297000,7,2892,02e76019057620276d7b24eff41b461f7b7cee0b70d3c17a6848938cdd874afc,true,7,true,22.468773,56.906320,121.687733
fixed-window,fixed-w16k-zstd-3,random-100000-00001,random-100000,MHC-GRCh38,MHC,2031962,2131962,100000,100,262144,1,0,1,47685,47685,0,0,8365,0,2,2,47685,35600,123192,1.339466,0.387079,33.494000,224.804000,157.419000,686.913000,7435.612000,7,485,0e6481b4aea9775cb40e135320663d79d9c5b2438d708b7ce057125d307ab385,true,7,true,21.771600,54.814800,114.716000
fixed-window,fixed-w16k-zstd-3,random-100000-00002,random-100000,MHC-GRCh38,MHC,1080439,1180439,100000,100,262144,1,0,1,72044,72044,0,0,4269,0,1,1,72044,42544,164051,1.693400,0.439156,16.294000,339.044000,721.294000,2313.861000,26925.035000,8,1338,525ac5f4f8888ff142bb3cb5dcc31d90c67838570f43e4d621f1de3c2af1e282,true,8,true,22.421173,56.763520,121.211733
fixed-window,fixed-w16k-zstd-3,random-100000-00003,random-100000,MHC-GRCh38,MHC,864953,964953,100000,100,262144,1,0,1,53854,53854,0,0,4269,0,1,1,53854,40250,139644,1.337988,0.385652,27.387000,261.330000,296.445000,1200.666000,11880.302000,7,820,f63c1c1ae119744ed369189b5c6d9bbeb3082e77ccdbc4f143462ca249170e2f,true,7,true,21.936107,55.308320,116.361067
fixed-window,fixed-w16k-zstd-3,random-100000-00004,random-100000,MHC-GRCh38,MHC,4129708,4229708,100000,100,262144,1,0,1,163627,163627,0,0,8365,0,2,2,163627,130563,850777,1.253242,0.192327,20.254000,944.986000,6016.512000,29929.052000,211221.969000,7,15919,ff1824f95c5c4d1ae98f7aa7ec3196eabbd29357737c6b5c119d6ab861e72dab,true,7,true,24.863387,64.090160,145.633867
fixed-window,fixed-w16k-zstd-3,random-100000-00005,random-100000,MHC-GRCh38,MHC,4502173,4602173,100000,100,262144,1,0,1,75832,75832,0,0,4269,0,1,1,75832,56812,273849,1.334788,0.276912,55.799000,360.692000,1293.769000,5512.982000,43908.885000,7,3665,d32e2d3f27a3f57b88d1619f5a65e70a83bd4bd81d5ba1797bf8b6197787fdeb,true,7,true,22.522187,57.066560,122.221867
fixed-window,fixed-w16k-zstd-3,random-100000-00006,random-100000,MHC-GRCh38,MHC,434533,534533,100000,100,262144,1,0,1,52810,52810,0,0,8365,0,2,2,52810,39792,140577,1.327151,0.375666,37.503000,244.963000,294.362000,1200.820000,11369.120000,7,846,1940257266694447e0267493a27ede3bafc72f732f4e903d2eec81c58cb35a9e,true,7,true,21.908267,55.224800,116.082667
fixed-window,fixed-w16k-zstd-3,random-100000-00007,random-100000,MHC-GRCh38,MHC,1813450,1913450,100000,100,262144,1,0,1,59476,59476,0,0,4269,0,1,1,59476,43906,167100,1.354621,0.355931,8.921000,272.916000,484.804000,2026.021000,18281.592000,7,1420,dc5ca152d81ae54cebcf48331832fba0010aae4da320c92291ed83d61307e910,true,7,true,22.086027,55.758080,117.860267
fixed-window,fixed-w16k-zstd-3,random-100000-00008,random-100000,MHC-GRCh38,MHC,898253,998253,100000,100,262144,1,0,1,50265,50265,0,0,4269,0,1,1,50265,36620,121650,1.372611,0.413194,17.090000,226.937000,209.642000,682.969000,8546.045000,7,444,e86e4ccb0efeabb04b13ac613d199293c88eeca5eb176c8ab4ab008fa60c968c,true,7,true,21.840400,55.021200,115.404000
fixed-window,fixed-w16k-zstd-3,random-100000-00009,random-100000,MHC-GRCh38,MHC,4231710,4331710,100000,100,262144,1,0,1,77155,77155,0,0,4269,0,1,1,77155,58608,258713,1.316459,0.298226,12.039000,355.418000,1313.574000,5138.436000,44754.587000,7,3379,77a5e24417bd9b7d78fce6f25ac32d3f1821452524303f06351b36e28d1d2c5d,true,7,true,22.557467,57.172400,122.574667
fixed-window,fixed-w16k-zstd-3,random-1000000-00000,random-1000000,MHC-GRCh38,MHC,994225,1994225,1000000,100,262144,1,0,1,618152,618152,0,0,12461,0,3,3,618152,469996,2175213,1.315228,0.284180,32.102000,2986.823000,7998.489000,47957.923000,302005.251000,62,24980,900de15a30244e0f9f1d367beea18034b027a94dffc705d9c7d2acb3f358f25b,true,62,true,36.984053,100.452160,266.840533
fixed-window,fixed-w16k-zstd-3,random-1000000-00001,random-1000000,MHC-GRCh38,MHC,3053916,4053916,1000000,100,262144,1,0,1,665426,665426,0,0,12461,0,3,3,665426,508168,2592988,1.309461,0.256625,62.941000,3482.782000,11773.617000,67145.706000,443376.771000,62,33451,f09a8d6454d792ad27876f385c33f0e35ec527f81b6d7e755ced42d19fea6c75,true,62,true,38.244693,104.234080,279.446933
fixed-window,fixed-w16k-zstd-3,random-1000000-00002,random-1000000,MHC-GRCh38,MHC,3662178,4662178,1000000,100,262144,1,0,1,958875,958875,0,0,12461,0,3,3,958875,784549,4589109,1.222199,0.208946,65.533000,5243.049000,25690.953000,154597.587000,956889.090000,62,75875,02c21edd0c02778fcbdec11b80dbfba675f3d1acaf6b5468d66ab1e352096d29,true,62,true,46.070000,127.710000,357.700000
fixed-window,fixed-w16k-zstd-3,random-1000000-00003,random-1000000,MHC-GRCh38,MHC,1664410,2664410,1000000,100,262144,1,0,1,530200,530200,0,0,12461,0,3,3,530200,403677,1701027,1.313426,0.311694,70.534000,2506.308000,4798.671000,26874.747000,182827.174000,62,14806,43e098622c8593968fdd2163f752998d5d12723486bd15ed66a4d5333027fb11,true,62,true,34.638667,93.416000,243.386667
fixed-window,fixed-w16k-zstd-3,random-1000000-00004,random-1000000,MHC-GRCh38,MHC,3882446,4882446,1000000,100,262144,1,0,1,930563,930563,0,0,12461,0,3,3,930563,756186,4392921,1.230601,0.211832,55.463000,5082.821000,24416.632000,148397.844000,913058.702000,63,71788,9e64218826bdea11f7ae990f5c61a92583f29d81808e545e067af1fc3c591ba8,true,63,true,45.315013,125.445040,350.150133
fixed-window,fixed-w16k-zstd-3,random-1000000-00005,random-1000000,MHC-GRCh38,MHC,3946668,4946668,1000000,100,262144,1,0,1,898544,898544,0,0,12461,0,3,3,898544,737300,4256436,1.218695,0.211102,94.906000,4947.346000,23909.705000,141724.493000,883545.230000,62,68872,12333edc92c9c9b4952b0ffc8ee9f498a7992fc912b4071429505ee6645f775b,true,62,true,44.461173,122.883520,341.611733
fixed-window,fixed-w16k-zstd-3,random-1000000-00006,random-1000000,MHC-GRCh38,MHC,2514903,3514903,1000000,100,262144,1,0,1,682839,682839,0,0,12461,0,3,3,682839,518279,2586932,1.317512,0.263957,85.496000,3424.369000,12149.324000,66584.541000,435129.457000,62,33702,29b3ca8361a94516c094f51ff663bfbbd9c9f8163e7cee977a196be6c88eb930,true,62,true,38.709040,105.627120,284.090400
fixed-window,fixed-w16k-zstd-3,random-1000000-00007,random-1000000,MHC-GRCh38,MHC,1441302,2441302,1000000,100,262144,1,0,1,539272,539272,0,0,12461,0,3,3,539272,394986,1629580,1.365294,0.330927,75.102000,2542.447000,4916.082000,27594.806000,187728.890000,63,13330,8d06c53b9e1329895b9ead9b8be190a86942bcb591389cf4d503d7ac726fba27,true,63,true,34.880587,94.141760,245.805867
fixed-window,fixed-w16k-zstd-3,random-1000000-00008,random-1000000,MHC-GRCh38,MHC,3577106,4577106,1000000,100,262144,1,0,1,938353,938353,0,0,12461,0,3,3,938353,769269,4478267,1.219798,0.209535,96.647000,5190.278000,24888.630000,161142.860000,949405.347000,62,73514,36de4f805286a2db3ebd2d6d3e16345eba5fa117165535b71920af902c7375a4,true,62,true,45.522747,126.068240,352.227467
fixed-window,fixed-w16k-zstd-3,random-1000000-00009,random-1000000,MHC-GRCh38,MHC,3789056,4789056,1000000,100,262144,1,0,1,941123,941123,0,0,12461,0,3,3,941123,772554,4502660,1.218197,0.209015,97.535000,5182.609000,25348.755000,156640.617000,943185.434000,62,74064,fdfbfd20da08b880ef79c9e7348f561727cc044fe39eb3a6c0a0efea83d4fe64,true,62,true,45.596613,126.289840,352.966133
fixed-window,fixed-w16k-zstd-3,random-1000-00000,random-1000,MHC-GRCh38,MHC,2654244,2655244,1000,100,1048576,3,0,3,31964,31964,0,16384,4269,4096,1,0,11484,902,2731,35.436807,11.704138,7.374000,59.530000,286.828000,274.921000,6935.972000,1,20,3b5206c8231075aa505404e4667a148497d97494984bf86a2d917beadde6cc4e,true,1,true,62.352373,155.557120,314.523733
fixed-window,fixed-w16k-zstd-3,random-1000-00001,random-1000,MHC-GRCh38,MHC,4897918,4898918,1000,100,1048576,2,0,2,17565,17565,0,0,4269,4096,1,0,13469,1030,2915,17.053398,6.025729,26.453000,72.290000,36.007000,67.591000,1736.137000,2,5,a9913d6532a8e7e3c9b67a80e2f26d0a1c0915ceefe63b75542ba80774c7ea68,true,2,true,41.468400,103.405200,208.684000
fixed-window,fixed-w16k-zstd-3,random-1000-00002,random-1000,MHC-GRCh38,MHC,1758423,1759423,1000,100,1048576,2,0,2,8182,8182,0,0,4269,173,1,0,8009,637,1847,12.844584,4.429886,15.464000,56.411000,61.305000,75.686000,1960.588000,1,10,7d641bb18f0c5bc6ae3b22d42b8ff8ba458eeabdde0008ea306fcdc0c4f9674f,true,1,true,41.218187,102.654560,206.181867
fixed-window,fixed-w16k-zstd-3,random-1000-00003,random-1000,MHC-GRCh38,MHC,3202374,3203374,1000,100,1048576,2,0,2,11212,11212,0,0,4269,4096,1,0,7116,921,2656,12.173724,4.221386,9.779000,33.024000,31.296000,47.634000,1507.850000,1,5,4ae64fc9a254e620d91dba9952a267047699ec5c2c9503ce1257d25612b7a521,true,1,true,41.298987,102.896960,206.989867
fixed-window,fixed-w16k-zstd-3,random-1000-00004,random-1000,MHC-GRCh38,MHC,1529093,1530093,1000,100,1048576,1,0,1,9464,9464,0,0,4269,0,1,0,9464,675,1884,14.020741,5.023355,7.166000,42.774000,78.503000,164.178000,3003.443000,1,7,b4440216a6956d3d323cc2db8178d8aa6c7b16f048bd83b3504a1ba3b6e15473,true,1,true,20.752373,51.757120,104.523733
fixed-window,fixed-w16k-zstd-3,random-1000-00005,random-1000,MHC-GRCh38,MHC,999079,1000079,1000,100,1048576,1,0,1,15156,15156,0,0,4269,0,1,0,15156,813,2483,18.642066,6.103907,9.560000,73.988000,89.336000,136.239000,3429.474000,2,19,439d7c637a6781a4bbb6a562c58d0e17fcd5828cbef6aab1328677e8c84af9a5,true,2,true,20.904160,52.212480,106.041600
fixed-window,fixed-w16k-zstd-3,random-1000-00006,random-1000,MHC-GRCh38,MHC,4410732,4411732,1000,100,1048576,2,0,2,11201,11201,0,0,4269,4096,1,0,7105,633,1820,17.695103,6.154396,14.280000,33.304000,33.180000,55.425000,1641.378000,1,7,42deacd8686643e817742633bc61b557535b9da78debab9d9a232bd388012911,true,1,true,41.298693,102.896080,206.986933
fixed-window,fixed-w16k-zstd-3,random-1000-00007,random-1000,MHC-GRCh38,MHC,2388877,2389877,1000,100,1048576,2,0,2,11953,11953,0,0,4269,4096,1,0,7857,719,2057,16.624478,5.810890,11.823000,38.449000,53.213000,67.344000,1902.388000,1,7,2503d4f8884267667765a2ba7da7072e23a4bdb5ace0f398060257cfca6a2e8f,true,1,true,41.318747,102.956240,207.187467
fixed-window,fixed-w16k-zstd-3,random-1000-00008,random-1000,MHC-GRCh38,MHC,844767,845767,1000,100,1048576,1,0,1,6945,6945,0,0,4269,0,1,1,6945,680,1955,10.213235,3.552430,10.247000,32.728000,20.289000,37.261000,955.213000,1,10,ae982ed68bfe294539d13cdad535a83e2383de77df172caf8e48111d28e0403a,true,1,true,20.685200,51.555600,103.852000
fixed-window,fixed-w16k-zstd-3,random-1000-00009,random-1000,MHC-GRCh38,MHC,3227097,3228097,1000,100,1048576,1,0,1,13893,13893,0,0,4269,0,1,1,13893,654,1812,21.243119,7.667219,6.343000,66.583000,48.839000,82.182000,2340.578000,2,4,f0898187c6ee635c25afa3e98dfe696825a4088c01d6384fc40b251c3084e8ba,true,2,true,20.870480,52.111440,105.704800
fixed-window,fixed-w16k-zstd-3,random-10000-00000,random-10000,MHC-GRCh38,MHC,3078533,3088533,10000,100,1048576,1,0,1,14191,14191,0,0,4269,0,1,1,14191,4376,15611,3.242916,0.909038,11.486000,84.681000,72.194000,192.272000,3202.533000,2,97,a226c1a97b9f2b1b161cc24fa7796a19e0e03a05bcb21d1679edacc078206aca,true,2,true,20.878427,52.135280,105.784267
fixed-window,fixed-w16k-zstd-3,random-10000-00001,random-10000,MHC-GRCh38,MHC,2465757,2475757,10000,100,1048576,1,0,1,19438,19438,0,0,4269,0,1,1,19438,4942,17922,3.933225,1.084589,16.782000,116.800000,268.242000,485.305000,8730.383000,2,160,18c638950430e7287753e6c893997c5bcb94ec70c95f642c96be0e0cb6ee30bd,true,2,true,21.018347,52.555040,107.183467
fixed-window,fixed-w16k-zstd-3,random-10000-00002,random-10000,MHC-GRCh38,MHC,3576984,3586984,10000,100,1048576,1,0,1,6711,6711,0,0,4269,0,1,1,6711,4166,13464,1.610898,0.498440,17.495000,36.658000,24.269000,115.635000,1184.762000,1,57,0fa42a148fe875d07622392b354010facde5caa5ac60e40fd0285cabffee0783,true,1,true,20.678960,51.536880,103.789600
fixed-window,fixed-w16k-zstd-3,random-10000-00003,random-10000,MHC-GRCh38,MHC,3405920,3415920,10000,100,1048576,1,0,1,12965,12965,0,0,4269,0,1,1,12965,3781,12166,3.428987,1.065675,11.553000,65.681000,41.634000,108.053000,2205.858000,2,33,bc85f71629e1284bc880611cad704750338d046f8f9edc844460a11ac86c3915,true,2,true,20.845733,52.037200,105.457333
fixed-window,fixed-w16k-zstd-3,random-10000-00004,random-10000,MHC-GRCh38,MHC,292664,302664,10000,100,1048576,1,0,1,18611,18611,0,0,4269,0,1,0,18611,5248,19497,3.546303,0.954557,8.496000,87.288000,154.447000,523.483000,6184.095000,2,191,d85f79126ce4c94ab629618954e55833d921cc424c2ee756fd034077a86a039f,true,2,true,20.996293,52.488880,106.962933
fixed-window,fixed-w16k-zstd-3,random-10000-00005,random-10000,MHC-GRCh38,MHC,2389603,2399603,10000,100,1048576,1,0,1,16833,16833,0,0,4269,0,1,1,16833,5061,19206,3.326023,0.876445,3.889000,83.447000,115.111000,366.100000,4852.709000,2,178,5cb4810908f80d9e7f6228afabed49ec7f4659a34e6032f27da5b90edb42c04f,true,2,true,20.948880,52.346640,106.488800
fixed-window,fixed-w16k-zstd-3,random-10000-00006,random-10000,MHC-GRCh38,MHC,542027,552027,10000,100,1048576,1,0,1,7388,7388,0,0,4269,0,1,1,7388,4324,14145,1.708603,0.522305,13.935000,34.819000,40.916000,131.436000,1893.492000,1,74,1f9af7cf814a76906df1eb64a9ef18682c6cb4f3802bb9fc419c24ed16c4106c,true,1,true,20.697013,51.591040,103.970133
fixed-window,fixed-w16k-zstd-3,random-10000-00007,random-10000,MHC-GRCh38,MHC,4185669,4195669,10000,100,1048576,2,0,2,45599,45599,0,0,8365,4096,2,1,41503,12327,65240,3.699116,0.698942,19.015000,229.251000,1366.263000,3139.416000,48022.810000,2,1170,5a3ae2b12692701109ad8e1002703708ee9e13fd504637d7be47e89badf47e56,true,2,true,42.215973,105.647920,216.159733
fixed-window,fixed-w16k-zstd-3,random-10000-00008,random-10000,MHC-GRCh38,MHC,878649,888649,10000,100,1048576,1,0,1,17402,17402,0,0,4269,0,1,1,17402,5217,18813,3.335634,0.924999,36.864000,112.321000,170.696000,412.231000,6194.050000,2,164,e9846528d2987e5b243b84e06c4e4de050dcb484f99397be7552530cae6fdb9c,true,2,true,20.964053,52.392160,106.640533
fixed-window,fixed-w16k-zstd-3,random-10000-00009,random-10000,MHC-GRCh38,MHC,2541935,2551935,10000,100,1048576,1,0,1,11162,11162,0,0,4269,0,1,1,11162,6843,28391,1.631156,0.393153,15.805000,56.117000,184.736000,603.404000,7202.372000,1,378,a9067e4405488766ba93b0bf006e1c40714e8bdd4a7a5910b6b5ee549b3df051,true,1,true,20.797653,51.892960,104.976533
fixed-window,fixed-w16k-zstd-3,random-100000-00000,random-100000,MHC-GRCh38,MHC,4262931,4362931,100000,100,1048576,1,0,1,73829,73829,0,0,4269,0,1,1,73829,55159,235977,1.338476,0.312865,21.626000,369.645000,1229.588000,4392.633000,40696.463000,7,2892,02e76019057620276d7b24eff41b461f7b7cee0b70d3c17a6848938cdd874afc,true,7,true,22.468773,56.906320,121.687733
fixed-window,fixed-w16k-zstd-3,random-100000-00001,random-100000,MHC-GRCh38,MHC,2031962,2131962,100000,100,1048576,1,0,1,47685,47685,0,0,8365,0,2,2,47685,35600,123192,1.339466,0.387079,34.113000,231.799000,169.370000,684.509000,7558.176000,7,485,0e6481b4aea9775cb40e135320663d79d9c5b2438d708b7ce057125d307ab385,true,7,true,21.771600,54.814800,114.716000
fixed-window,fixed-w16k-zstd-3,random-100000-00002,random-100000,MHC-GRCh38,MHC,1080439,1180439,100000,100,1048576,1,0,1,72044,72044,0,0,4269,0,1,1,72044,42544,164051,1.693400,0.439156,19.590000,341.902000,720.551000,2315.278000,26352.973000,8,1338,525ac5f4f8888ff142bb3cb5dcc31d90c67838570f43e4d621f1de3c2af1e282,true,8,true,22.421173,56.763520,121.211733
fixed-window,fixed-w16k-zstd-3,random-100000-00003,random-100000,MHC-GRCh38,MHC,864953,964953,100000,100,1048576,1,0,1,53854,53854,0,0,4269,0,1,1,53854,40250,139644,1.337988,0.385652,22.898000,248.956000,288.777000,1204.052000,11828.098000,7,820,f63c1c1ae119744ed369189b5c6d9bbeb3082e77ccdbc4f143462ca249170e2f,true,7,true,21.936107,55.308320,116.361067
fixed-window,fixed-w16k-zstd-3,random-100000-00004,random-100000,MHC-GRCh38,MHC,4129708,4229708,100000,100,1048576,1,0,1,163627,163627,0,0,8365,0,2,2,163627,130563,850777,1.253242,0.192327,28.338000,946.855000,6071.319000,29805.576000,210828.455000,7,15919,ff1824f95c5c4d1ae98f7aa7ec3196eabbd29357737c6b5c119d6ab861e72dab,true,7,true,24.863387,64.090160,145.633867
fixed-window,fixed-w16k-zstd-3,random-100000-00005,random-100000,MHC-GRCh38,MHC,4502173,4602173,100000,100,1048576,1,0,1,75832,75832,0,0,4269,0,1,1,75832,56812,273849,1.334788,0.276912,69.315000,377.910000,1305.901000,5712.610000,46303.235000,7,3665,d32e2d3f27a3f57b88d1619f5a65e70a83bd4bd81d5ba1797bf8b6197787fdeb,true,7,true,22.522187,57.066560,122.221867
fixed-window,fixed-w16k-zstd-3,random-100000-00006,random-100000,MHC-GRCh38,MHC,434533,534533,100000,100,1048576,1,0,1,52810,52810,0,0,8365,0,2,2,52810,39792,140577,1.327151,0.375666,39.646000,246.427000,279.709000,1224.675000,11562.051000,7,846,1940257266694447e0267493a27ede3bafc72f732f4e903d2eec81c58cb35a9e,true,7,true,21.908267,55.224800,116.082667
fixed-window,fixed-w16k-zstd-3,random-100000-00007,random-100000,MHC-GRCh38,MHC,1813450,1913450,100000,100,1048576,1,0,1,59476,59476,0,0,4269,0,1,1,59476,43906,167100,1.354621,0.355931,25.236000,279.421000,480.785000,2127.581000,18926.697000,7,1420,dc5ca152d81ae54cebcf48331832fba0010aae4da320c92291ed83d61307e910,true,7,true,22.086027,55.758080,117.860267
fixed-window,fixed-w16k-zstd-3,random-100000-00008,random-100000,MHC-GRCh38,MHC,898253,998253,100000,100,1048576,1,0,1,50265,50265,0,0,4269,0,1,1,50265,36620,121650,1.372611,0.413194,17.183000,249.888000,203.897000,721.329000,8921.228000,7,444,e86e4ccb0efeabb04b13ac613d199293c88eeca5eb176c8ab4ab008fa60c968c,true,7,true,21.840400,55.021200,115.404000
fixed-window,fixed-w16k-zstd-3,random-100000-00009,random-100000,MHC-GRCh38,MHC,4231710,4331710,100000,100,1048576,1,0,1,77155,77155,0,0,4269,0,1,1,77155,58608,258713,1.316459,0.298226,8.094000,416.775000,1423.571000,6086.002000,52230.704000,7,3379,77a5e24417bd9b7d78fce6f25ac32d3f1821452524303f06351b36e28d1d2c5d,true,7,true,22.557467,57.172400,122.574667
fixed-window,fixed-w16k-zstd-3,random-1000000-00000,random-1000000,MHC-GRCh38,MHC,994225,1994225,1000000,100,1048576,1,0,1,618152,618152,0,0,12461,0,3,3,618152,469996,2175213,1.315228,0.284180,31.863000,3185.115000,8215.378000,48070.465000,311938.625000,62,24980,900de15a30244e0f9f1d367beea18034b027a94dffc705d9c7d2acb3f358f25b,true,62,true,36.984053,100.452160,266.840533
fixed-window,fixed-w16k-zstd-3,random-1000000-00001,random-1000000,MHC-GRCh38,MHC,3053916,4053916,1000000,100,1048576,1,0,1,665426,665426,0,0,12461,0,3,3,665426,508168,2592988,1.309461,0.256625,58.253000,3584.396000,11706.995000,72636.348000,465876.171000,62,33451,f09a8d6454d792ad27876f385c33f0e35ec527f81b6d7e755ced42d19fea6c75,true,62,true,38.244693,104.234080,279.446933
fixed-window,fixed-w16k-zstd-3,random-1000000-00002,random-1000000,MHC-GRCh38,MHC,3662178,4662178,1000000,100,1048576,1,0,1,958875,958875,0,0,12461,0,3,3,958875,784549,4589109,1.222199,0.208946,69.932000,5610.344000,27425.983000,159454.262000,1053240.774000,62,75875,02c21edd0c02778fcbdec11b80dbfba675f3d1acaf6b5468d66ab1e352096d29,true,62,true,46.070000,127.710000,357.700000
fixed-window,fixed-w16k-zstd-3,random-1000000-00003,random-1000000,MHC-GRCh38,MHC,1664410,2664410,1000000,100,1048576,1,0,1,530200,530200,0,0,12461,0,3,3,530200,403677,1701027,1.313426,0.311694,93.025000,2543.092000,4861.991000,28252.639000,186569.373000,62,14806,43e098622c8593968fdd2163f752998d5d12723486bd15ed66a4d5333027fb11,true,62,true,34.638667,93.416000,243.386667
fixed-window,fixed-w16k-zstd-3,random-1000000-00004,random-1000000,MHC-GRCh38,MHC,3882446,4882446,1000000,100,1048576,1,0,1,930563,930563,0,0,12461,0,3,3,930563,756186,4392921,1.230601,0.211832,53.952000,5089.551000,24540.608000,150224.843000,916864.854000,63,71788,9e64218826bdea11f7ae990f5c61a92583f29d81808e545e067af1fc3c591ba8,true,63,true,45.315013,125.445040,350.150133
fixed-window,fixed-w16k-zstd-3,random-1000000-00005,random-1000000,MHC-GRCh38,MHC,3946668,4946668,1000000,100,1048576,1,0,1,898544,898544,0,0,12461,0,3,3,898544,737300,4256436,1.218695,0.211102,80.849000,4902.978000,23524.091000,139938.434000,874349.149000,62,68872,12333edc92c9c9b4952b0ffc8ee9f498a7992fc912b4071429505ee6645f775b,true,62,true,44.461173,122.883520,341.611733
fixed-window,fixed-w16k-zstd-3,random-1000000-00006,random-1000000,MHC-GRCh38,MHC,2514903,3514903,1000000,100,1048576,1,0,1,682839,682839,0,0,12461,0,3,3,682839,518279,2586932,1.317512,0.263957,80.325000,3467.260000,12163.919000,68083.923000,436737.832000,62,33702,29b3ca8361a94516c094f51ff663bfbbd9c9f8163e7cee977a196be6c88eb930,true,62,true,38.709040,105.627120,284.090400
fixed-window,fixed-w16k-zstd-3,random-1000000-00007,random-1000000,MHC-GRCh38,MHC,1441302,2441302,1000000,100,1048576,1,0,1,539272,539272,0,0,12461,0,3,3,539272,394986,1629580,1.365294,0.330927,78.042000,2541.133000,4840.548000,25341.670000,184240.507000,63,13330,8d06c53b9e1329895b9ead9b8be190a86942bcb591389cf4d503d7ac726fba27,true,63,true,34.880587,94.141760,245.805867
fixed-window,fixed-w16k-zstd-3,random-1000000-00008,random-1000000,MHC-GRCh38,MHC,3577106,4577106,1000000,100,1048576,1,0,1,938353,938353,0,0,12461,0,3,3,938353,769269,4478267,1.219798,0.209535,70.384000,5085.055000,24801.962000,151601.400000,924784.404000,62,73514,36de4f805286a2db3ebd2d6d3e16345eba5fa117165535b71920af902c7375a4,true,62,true,45.522747,126.068240,352.227467
fixed-window,fixed-w16k-zstd-3,random-1000000-00009,random-1000000,MHC-GRCh38,MHC,3789056,4789056,1000000,100,1048576,1,0,1,941123,941123,0,0,12461,0,3,3,941123,772554,4502660,1.218197,0.209015,101.714000,5597.947000,26259.582000,154092.643000,1017965.680000,62,74064,fdfbfd20da08b880ef79c9e7348f561727cc044fe39eb3a6c0a0efea83d4fe64,true,62,true,45.596613,126.289840,352.966133
